Workbook

Sheet Y1(Task3)
A1: Part | B1: Avg_Annual_Demand_Units | C1: Weekly_Demand_StdDev_Units | D1: Weekly_Robust_Demand_99p5_Units | E1: Total_Minutes_Per_Unit | F1: Weekly_Robust_Net_Minutes | G1: Weekly_Robust_Gross_Minutes | K1: Time | L1: A | M1: B | N1: C | O1: D | P1: E | Q1: F | R1: G | S1: H | T1: I | U1: J | V1: K | W1: L | X1: M | Z1: Distance | AA1: A | AB1: B | AC1: C | AD1: D | AE1: E | AF1: F | AG1: G | AH1: H | AI1: I | AJ1: J | AK1: K | AL1: L | AM1: M
A2: P1 | B2: 1090000 | C2: 1503.3296 | D2: 30602.933 | E2: 12.75 | F2: 316631.7 | G2: 442389.33 | K2: P1 | L2: 1 | M2: 5 | N2: 0.5 | O2: 2.5 | P2: 0 | Q2: 0 | R2: 0 | S2: 0 | T2: 1.25 | U2: 2.5 | V2: 0 | W2: 0 | X2: 0 | Z2: A | AA2: 0 | AB2: 146 | AC2: 280 | AD2: 0 | AE2: 0 | AF2: 0 | AG2: 0 | AH2: 0 | AI2: 0 | AJ2: 0 | AK2: 0 | AL2: 0 | AM2: 0
A3: P2 | B3: 580000 | C3: 824.62113 | D3: 15927.5 | E3: 7.75 | F3: 102903.95 | G3: 139952.52 | K3: P2 | L3: 1.25 | M3: 0 | N3: 0.5 | O3: 2.5 | P3: 0 | Q3: 0 | R3: 0 | S3: 1 | T3: 0 | U3: 2.5 | V3: 0 | W3: 0 | X3: 0 | Z3: B | AA3: 146 | AB3: 0 | AC3: 134 | AD3: 307 | AE3: 0 | AF3: 0 | AG3: 0 | AH3: 0 | AI3: 0 | AJ3: 0 | AK3: 0 | AL3: 0 | AM3: 0
A4: P3 | B4: 320000 | C4: 806.22577 | D4: 8293.0769 | E4: 9.5 | F4: 78190.188 | G4: 89324.525 | K4: P3 | L4: 0 | M4: 1.75 | N4: 0.75 | O4: 3 | P4: 0 | Q4: 0 | R4: 0 | S4: 0 | T4: 1.5 | U4: 2.5 | V4: 0 | W4: 0 | X4: 0 | Z4: C | AA4: 0 | AB4: 0 | AC4: 0 | AD4: 172 | AE4: 0 | AF4: 0 | AG4: 0 | AH4: 0 | AI4: =227+268 -> 495 | AJ4: 0 | AK4: 0 | AL4: 0 | AM4: 0
A5: P4 | B5: 480000 | C5: 748.33148 | D5: 13509.231 | E5: 7.5 | F5: 83687.575 | G5: 114874.41 | K5: P4 | L5: 1 | M5: 2 | N5: 0 | O5: 3 | P5: 0 | Q5: 0 | R5: 0.25 | S5: 1.25 | T5: 0 | U5: 0 | V5: 0 | W5: 0 | X5: 0 | Z5: D | AA5: 0 | AB5: 0 | AC5: 172 | AD5: 0 | AE5: 0 | AF5: 0 | AG5: =163+114 -> 277 | AH5: 114 | AI5: =401+268 -> 669 | AJ5: 0 | AK5: 0 | AL5: 0 | AM5: 0
A6: P5 | B6: 360000 | C6: 632.45553 | D6: 10488.462 | E6: 7.5 | F6: 64141.308 | G6: 89187.598 | K6: P5 | L6: 0 | M6: 1.5 | N6: 0.75 | O6: 3.5 | P6: 0 | Q6: 0 | R6: 0 | S6: 0 | T6: 1.75 | U6: 0 | V6: 0 | W6: 0 | X6: 0 | Z6: E | AA6: 0 | AB6: 0 | AC6: 0 | AD6: 0 | AE6: 0 | AF6: 152 | AG6: 267 | AH6: 445 | AI6: 0 | AJ6: 0 | AK6: 0 | AL6: 0 | AM6: 0
A7: P6 | B7: 210000 | C7: 223.6068 | D7: 5836.0096 | E7: 10.5 | F7: 48451.562 | G7: 69476.305 | K7: P6 | L7: 0.75 | M7: 1.25 | N7: 0.5 | O7: 3 | P7: 0 | Q7: 0 | R7: 0 | S7: 1 | T7: 1.25 | U7: 2.75 | V7: 0 | W7: 0 | X7: 0 | Z7: F | AA7: 0 | AB7: 0 | AC7: =105+113 -> 218 | AD7: 0 | AE7: 0 | AF7: 0 | AG7: 114 | AH7: 293 | AI7: =112+156 -> 268 | AJ7: 0 | AK7: 0 | AL7: 0 | AM7: 0
A8: P7 | B8: 720000 | C8: 894.42719 | D8: 20660 | E8: 10 | F8: 161500.46 | G8: 234240.36 | K8: P7 | L8: 0 | M8: 0 | N8: 0.75 | O8: 3.5 | P8: 1 | Q8: 1.5 | R8: 0 | S8: 0 | T8: 1.25 | U8: 2 | V8: 0 | W8: 0 | X8: 0 | Z8: G | AA8: 0 | AB8: 0 | AC8: 0 | AD8: 0 | AE8: 266 | AF8: 114 | AG8: 0 | AH8: 178 | AI8: =236+150 -> 386 | AJ8: 0 | AK8: 0 | AL8: 0 | AM8: 0
A9: P8 | B9: 240000 | C9: 800 | D9: 6041.5385 | E9: 4.75 | F9: 31711.228 | G9: 32536.63 | K9: P8 | L9: 0 | M9: 0 | N9: 0 | O9: 0 | P9: 1.25 | Q9: 0 | R9: 0 | S9: 2 | T9: 1 | U9: 0.5 | V9: 0 | W9: 0 | X9: 0 | Z9: H | AA9: 0 | AB9: 0 | AC9: 0 | AD9: 0 | AE9: 0 | AF9: 0 | AG9: 0 | AH9: 0 | AI9: =147+417 -> 564 | AJ9: =150+158 -> 308 | AK9: 0 | AL9: 0 | AM9: 0
A10: P9 | B10: 460000 | C10: 721.11026 | D10: 13401.923 | E10: 8.5 | F10: 90980.692 | G10: 129156.85 | K10: P9 | L10: 0 | M10: 0 | N10: 0 | O10: 0 | P10: 1.25 | Q10: 1.75 | R10: 1.25 | S10: 0 | T10: 1.25 | U10: 3 | V10: 0 | W10: 0 | X10: 0 | Z10: I | AA10: 0 | AB10: 0 | AC10: 0 | AD10: 0 | AE10: 0 | AF10: 0 | AG10: 0 | AH10: 0 | AI10: 0 | AJ10: 265 | AK10: 0 | AL10: 0 | AM10: 0
A11: P10 | B11: 240000 | C11: 374.16574 | D11: 6630.8173 | E11: 6.5 | F11: 36264.616 | G11: 48866.567 | K11: P10 | L11: 0 | M11: 0 | N11: 0 | O11: 0 | P11: 1.5 | Q11: 1.75 | R11: 0 | S11: 0 | T11: 1.25 | U11: 2 | V11: 0 | W11: 0 | X11: 0 | Z11: J | AA11: 0 | AB11: 0 | AC11: 0 | AD11: 0 | AE11: 0 | AF11: 0 | AG11: 0 | AH11: 0 | AI11: 265 | AJ11: 0 | AK11: 0 | AL11: 0 | AM11: 0
A12: P11 | B12: 420000 | C12: 447.2136 | D12: 11672.019 | E12: 4 | F12: 36915.476 | G12: 52934.328 | K12: P11 | L12: 0 | M12: 0 | N12: 0 | O12: 0 | P12: 2.5 | Q12: 0 | R12: 0.75 | S12: 0 | T12: 0.75 | U12: 0 | V12: 0 | W12: 0 | X12: 0 | Z12: K | AA12: 0 | AB12: 0 | AC12: 0 | AD12: 0 | AE12: 0 | AF12: 0 | AG12: 0 | AH12: 0 | AI12: 0 | AJ12: 0 | AK12: 0 | AL12: 83 | AM12: 86
A13: P12 | B13: 520000 | C13: 565.68542 | D13: 14337.885 | E13: 6 | F13: 68742.655 | G13: 97536.63 | K13: P12 | L13: 0 | M13: 0 | N13: 0 | O13: 0 | P13: 1 | Q13: 1 | R13: 0.5 | S13: 0 | T13: 1.25 | U13: 2.25 | V13: 0 | W13: 0 | X13: 0 | Z13: L | AA13: 0 | AB13: 0 | AC13: 0 | AD13: 0 | AE13: 0 | AF13: 0 | AG13: 0 | AH13: 0 | AI13: 0 | AJ13: 0 | AK13: 83 | AL13: 0 | AM13: 86
A14: P13 | B14: 260000 | C14: 282.84271 | D14: 7168.9423 | E14: 7.5 | F14: 42964.159 | G14: 60960.394 | K14: P13 | L14: 0 | M14: 0 | N14: 0 | O14: 0 | P14: 1.25 | Q14: 2.25 | R14: 0.75 | S14: 2 | T14: 1.25 | U14: 0 | V14: 0 | W14: 0 | X14: 0 | Z14: M | AA14: 0 | AB14: 0 | AC14: 0 | AD14: 0 | AE14: 0 | AF14: 0 | AG14: 0 | AH14: 0 | AI14: 0 | AJ14: 0 | AK14: 0 | AL14: 86 | AM14: 0
A15: P14 | B15: 940000 | C15: 1095.4451 | D15: 26752.692 | E15: 4.75 | F15: 99268.363 | G15: 144076.29 | K15: P14 | L15: 0 | M15: 0 | N15: 0 | O15: 0 | P15: 1 | Q15: 1.5 | R15: 0.5 | S15: 1.75 | T15: 0 | U15: 0 | V15: 0 | W15: 0 | X15: 0
A16: P15 | B16: 120000 | C16: 400 | D16: 3020.7692 | E16: 7.5 | F16: 25035.18 | G16: 25686.813 | K16: P15 | L16: 0 | M16: 0 | N16: 0 | O16: 0 | P16: 0.75 | Q16: 1.25 | R16: 0.5 | S16: 2.5 | T16: 0 | U16: 2.5 | V16: 0 | W16: 0 | X16: 0
A17: P16 | B17: 620000 | C17: 1216.5525 | D17: 18063.462 | E17: 10 | F17: 150567.09 | G17: 204801.15 | K17: P16 | L17: 0 | M17: 0 | N17: 0 | O17: 0 | P17: 0 | Q17: 1.25 | R17: 0 | S17: 5 | T17: 1.25 | U17: 2.5 | V17: 0 | W17: 0 | X17: 0 | Z17: Capacity | AA17: A | AB17: B | AC17: C | AD17: D | AE17: E | AF17: F | AG17: G | AH17: H | AI17: I | AJ17: J | AK17: K | AL17: L | AM17: M
A18: P17 | B18: 260000 | C18: 282.84271 | D18: 7168.9423 | E18: 7.25 | F18: 41532.02 | G18: 58928.381 | K18: P17 | L18: 0 | M18: 0 | N18: 0 | O18: 0 | P18: 0 | Q18: 0 | R18: 0 | S18: 0 | T18: 0 | U18: 0 | V18: 0.75 | W18: 3 | X18: 3.5 | Z18: P1 | AA18: =L2*$D$2 -> 30602.933 | AB18: =M2*$D$2 -> 153014.66 | AC18: =N2*$D$2 -> 15301.466 | AD18: =O2*$D$2 -> 76507.332 | AE18: =P2*$D$2 -> 0 | AF18: =Q2*$D$2 -> 0 | AG18: =R2*$D$2 -> 0 | AH18: =S2*$D$2 -> 0 | ... AM18: =X2*$D$2 -> 0
A19: P18 | B19: 620000 | C19: 600 | D19: 17251.346 | E19: 6.25 | F19: 84178.591 | G19: 122245.93 | K19: P18 | L19: 0 | M19: 0 | N19: 0 | O19: 0 | P19: 0 | Q19: 0 | R19: 0 | S19: 0 | T19: 0 | U19: 0 | V19: 1.25 | W19: 1.25 | X19: 3.75 | Z19: P2 | AA19: =L3*$D$3 -> 19909.375 | AB19: =M3*$D$3 -> 0 | AC19: =N3*$D$3 -> 7963.75 | AD19: =O3*$D$3 -> 39818.75 | AE19: =P3*$D$3 -> 0 | AF19: =Q3*$D$3 -> 0 | AG19: =R3*$D$3 -> 0 | AH19: =S3*$D$3 -> 15927.5 | ... AM19: =X3*$D$3 -> 0
A20: P19 | B20: 1040000 | C20: 1500 | D20: 29270 | E20: 10.5 | F20: 250569.31 | G20: 348452.38 | K20: P19 | L20: 0 | M20: 0 | N20: 0 | O20: 0 | P20: 0 | Q20: 0 | R20: 0 | S20: 0 | T20: 0 | U20: 0 | V20: 0 | W20: 4.25 | X20: 6.25 | Z20: P3 | AA20: =L4*$D$4 -> 0 | AB20: =M4*$D$4 -> 14512.885 | AC20: =N4*$D$4 -> 6219.8077 | AD20: =O4*$D$4 -> 24879.231 | AE20: =P4*$D$4 -> 0 | AF20: =Q4*$D$4 -> 0 | AG20: =R4*$D$4 -> 0 | AH20: =S4*$D$4 -> 0 | ... AM20: =X4*$D$4 -> 0
A21: P20 | B21: 770000 | C21: 1153.2563 | D21: 21720.577 | E21: 5.75 | F21: 102225.13 | G21: 141602.4 | K21: P20 | L21: 0 | M21: 0 | N21: 0 | O21: 0 | P21: 0 | Q21: 0 | R21: 0 | S21: 0 | T21: 0 | U21: 0 | V21: 0.75 | W21: 2 | X21: 3 | Z21: P4 | AA21: =L5*$D$5 -> 13509.231 | AB21: =M5*$D$5 -> 27018.462 | AC21: =N5*$D$5 -> 0 | AD21: =O5*$D$5 -> 40527.692 | AE21: =P5*$D$5 -> 0 | AF21: =Q5*$D$5 -> 0 | AG21: =R5*$D$5 -> 3377.3077 | AH21: =S5*$D$5 -> 16886.538 | ... AM21: =X5*$D$5 -> 0
Z22: P5 | AA22: =L6*$D$6 -> 0 | AB22: =M6*$D$6 -> 15732.692 | AC22: =N6*$D$6 -> 7866.3462 | AD22: =O6*$D$6 -> 36709.615 | AE22: =P6*$D$6 -> 0 | AF22: =Q6*$D$6 -> 0 | AG22: =R6*$D$6 -> 0 | AH22: =S6*$D$6 -> 0 | ... AM22: =X6*$D$6 -> 0
Z23: P6 | AA23: =L7*$D$7 -> 4377.0072 | AB23: =M7*$D$7 -> 7295.012 | AC23: =N7*$D$7 -> 2918.0048 | AD23: =O7*$D$7 -> 17508.029 | AE23: =P7*$D$7 -> 0 | AF23: =Q7*$D$7 -> 0 | AG23: =R7*$D$7 -> 0 | AH23: =S7*$D$7 -> 5836.0096 | ... AM23: =X7*$D$7 -> 0
K24: Proportion | L24: A | M24: B | N24: C | O24: D | P24: E | Q24: F | R24: G | S24: H | T24: I | U24: J | V24: K | W24: L | X24: M | Z24: P7 | AA24: =L8*$D$8 -> 0 | AB24: =M8*$D$8 -> 0 | AC24: =N8*$D$8 -> 15495 | AD24: =O8*$D$8 -> 72310 | AE24: =P8*$D$8 -> 20660 | AF24: =Q8*$D$8 -> 30990 | AG24: =R8*$D$8 -> 0 | AH24: =S8*$D$8 -> 0 | ... AM24: =X8*$D$8 -> 0
K25: P1 | L25: =L2/$E$2 -> 0.078431373 | M25: =M2/$E$2 -> 0.39215686 | N25: =N2/$E$2 -> 0.039215686 | O25: =O2/$E$2 -> 0.19607843 | P25: =P2/$E$2 -> 0 | Q25: =Q2/$E$2 -> 0 | R25: =R2/$E$2 -> 0 | S25: =S2/$E$2 -> 0 | ... X25: =X2/$E$2 -> 0 | Z25: P8 | AA25: =L9*$D$9 -> 0 | AB25: =M9*$D$9 -> 0 | AC25: =N9*$D$9 -> 0 | AD25: =O9*$D$9 -> 0 | AE25: =P9*$D$9 -> 7551.9231 | AF25: =Q9*$D$9 -> 0 | AG25: =R9*$D$9 -> 0 | AH25: =S9*$D$9 -> 12083.077 | ... AM25: =X9*$D$9 -> 0
K26: P2 | L26: =L3/$E$3 -> 0.16129032 | M26: =M3/$E$3 -> 0 | N26: =N3/$E$3 -> 0.064516129 | O26: =O3/$E$3 -> 0.32258065 | P26: =P3/$E$3 -> 0 | Q26: =Q3/$E$3 -> 0 | R26: =R3/$E$3 -> 0 | S26: =S3/$E$3 -> 0.12903226 | ... X26: =X3/$E$3 -> 0 | Z26: P9 | AA26: =L10*$D$10 -> 0 | AB26: =M10*$D$10 -> 0 | AC26: =N10*$D$10 -> 0 | AD26: =O10*$D$10 -> 0 | AE26: =P10*$D$10 -> 16752.404 | AF26: =Q10*$D$10 -> 23453.365 | AG26: =R10*$D$10 -> 16752.404 | AH26: =S10*$D$10 -> 0 | ... AM26: =X10*$D$10 -> 0
K27: P3 | L27: =L4/$E$4 -> 0 | M27: =M4/$E$4 -> 0.18421053 | N27: =N4/$E$4 -> 0.078947368 | O27: =O4/$E$4 -> 0.31578947 | P27: =P4/$E$4 -> 0 | Q27: =Q4/$E$4 -> 0 | R27: =R4/$E$4 -> 0 | S27: =S4/$E$4 -> 0 | ... X27: =X4/$E$4 -> 0 | Z27: P10 | AA27: =L11*$D$11 -> 0 | AB27: =M11*$D$11 -> 0 | AC27: =N11*$D$11 -> 0 | AD27: =O11*$D$11 -> 0 | AE27: =P11*$D$11 -> 9946.226 | AF27: =Q11*$D$11 -> 11603.93 | AG27: =R11*$D$11 -> 0 | AH27: =S11*$D$11 -> 0 | ... AM27: =X11*$D$11 -> 0
K28: P4 | L28: =L5/$E$5 -> 0.13333333 | M28: =M5/$E$5 -> 0.26666667 | N28: =N5/$E$5 -> 0 | O28: =O5/$E$5 -> 0.4 | P28: =P5/$E$5 -> 0 | Q28: =Q5/$E$5 -> 0 | R28: =R5/$E$5 -> 0.033333333 | S28: =S5/$E$5 -> 0.16666667 | ... X28: =X5/$E$5 -> 0 | Z28: P11 | AA28: =L12*$D$12 -> 0 | AB28: =M12*$D$12 -> 0 | AC28: =N12*$D$12 -> 0 | AD28: =O12*$D$12 -> 0 | AE28: =P12*$D$12 -> 29180.048 | AF28: =Q12*$D$12 -> 0 | AG28: =R12*$D$12 -> 8754.0144 | AH28: =S12*$D$12 -> 0 | ... AM28: =X12*$D$12 -> 0
K29: P5 | L29: =L6/$E$6 -> 0 | M29: =M6/$E$6 -> 0.2 | N29: =N6/$E$6 -> 0.1 | O29: =O6/$E$6 -> 0.46666667 | P29: =P6/$E$6 -> 0 | Q29: =Q6/$E$6 -> 0 | R29: =R6/$E$6 -> 0 | S29: =S6/$E$6 -> 0 | ... X29: =X6/$E$6 -> 0 | Z29: P12 | AA29: =L13*$D$13 -> 0 | AB29: =M13*$D$13 -> 0 | AC29: =N13*$D$13 -> 0 | AD29: =O13*$D$13 -> 0 | AE29: =P13*$D$13 -> 14337.885 | AF29: =Q13*$D$13 -> 14337.885 | AG29: =R13*$D$13 -> 7168.9423 | AH29: =S13*$D$13 -> 0 | ... AM29: =X13*$D$13 -> 0
K30: P6 | L30: =L7/$E$7 -> 0.071428571 | M30: =M7/$E$7 -> 0.11904762 | N30: =N7/$E$7 -> 0.047619048 | O30: =O7/$E$7 -> 0.28571429 | P30: =P7/$E$7 -> 0 | Q30: =Q7/$E$7 -> 0 | R30: =R7/$E$7 -> 0 | S30: =S7/$E$7 -> 0.095238095 | ... X30: =X7/$E$7 -> 0 | Z30: P13 | AA30: =L14*$D$14 -> 0 | AB30: =M14*$D$14 -> 0 | AC30: =N14*$D$14 -> 0 | AD30: =O14*$D$14 -> 0 | AE30: =P14*$D$14 -> 8961.1779 | AF30: =Q14*$D$14 -> 16130.12 | AG30: =R14*$D$14 -> 5376.7067 | AH30: =S14*$D$14 -> 14337.885 | ... AM30: =X14*$D$14 -> 0
K31: P7 | L31: =L8/$E$8 -> 0 | M31: =M8/$E$8 -> 0 | N31: =N8/$E$8 -> 0.075 | O31: =O8/$E$8 -> 0.35 | P31: =P8/$E$8 -> 0.1 | Q31: =Q8/$E$8 -> 0.15 | R31: =R8/$E$8 -> 0 | S31: =S8/$E$8 -> 0 | ... X31: =X8/$E$8 -> 0 | Z31: P14 | AA31: =L15*$D$15 -> 0 | AB31: =M15*$D$15 -> 0 | AC31: =N15*$D$15 -> 0 | AD31: =O15*$D$15 -> 0 | AE31: =P15*$D$15 -> 26752.692 | AF31: =Q15*$D$15 -> 40129.038 | AG31: =R15*$D$15 -> 13376.346 | AH31: =S15*$D$15 -> 46817.212 | ... AM31: =X15*$D$15 -> 0
K32: P8 | L32: =L9/$E$9 -> 0 | M32: =M9/$E$9 -> 0 | N32: =N9/$E$9 -> 0 | O32: =O9/$E$9 -> 0 | P32: =P9/$E$9 -> 0.26315789 | Q32: =Q9/$E$9 -> 0 | R32: =R9/$E$9 -> 0 | S32: =S9/$E$9 -> 0.42105263 | ... X32: =X9/$E$9 -> 0 | Z32: P15 | AA32: =L16*$D$16 -> 0 | AB32: =M16*$D$16 -> 0 | AC32: =N16*$D$16 -> 0 | AD32: =O16*$D$16 -> 0 | AE32: =P16*$D$16 -> 2265.5769 | AF32: =Q16*$D$16 -> 3775.9615 | AG32: =R16*$D$16 -> 1510.3846 | AH32: =S16*$D$16 -> 7551.9231 | ... AM32: =X16*$D$16 -> 0
K33: P9 | L33: =L10/$E$10 -> 0 | M33: =M10/$E$10 -> 0 | N33: =N10/$E$10 -> 0 | O33: =O10/$E$10 -> 0 | P33: =P10/$E$10 -> 0.14705882 | Q33: =Q10/$E$10 -> 0.20588235 | R33: =R10/$E$10 -> 0.14705882 | S33: =S10/$E$10 -> 0 | ... X33: =X10/$E$10 -> 0 | Z33: P16 | AA33: =L17*$D$17 -> 0 | AB33: =M17*$D$17 -> 0 | AC33: =N17*$D$17 -> 0 | AD33: =O17*$D$17 -> 0 | AE33: =P17*$D$17 -> 0 | AF33: =Q17*$D$17 -> 22579.327 | AG33: =R17*$D$17 -> 0 | AH33: =S17*$D$17 -> 90317.308 | ... AM33: =X17*$D$17 -> 0
K34: P10 | L34: =L11/$E$11 -> 0 | M34: =M11/$E$11 -> 0 | N34: =N11/$E$11 -> 0 | O34: =O11/$E$11 -> 0 | P34: =P11/$E$11 -> 0.23076923 | Q34: =Q11/$E$11 -> 0.26923077 | R34: =R11/$E$11 -> 0 | S34: =S11/$E$11 -> 0 | ... X34: =X11/$E$11 -> 0 | Z34: P17 | AA34: =L18*$D$18 -> 0 | AB34: =M18*$D$18 -> 0 | AC34: =N18*$D$18 -> 0 | AD34: =O18*$D$18 -> 0 | AE34: =P18*$D$18 -> 0 | AF34: =Q18*$D$18 -> 0 | AG34: =R18*$D$18 -> 0 | AH34: =S18*$D$18 -> 0 | ... AM34: =X18*$D$18 -> 25091.298
K35: P11 | L35: =L12/$E$12 -> 0 | M35: =M12/$E$12 -> 0 | N35: =N12/$E$12 -> 0 | O35: =O12/$E$12 -> 0 | P35: =P12/$E$12 -> 0.625 | Q35: =Q12/$E$12 -> 0 | R35: =R12/$E$12 -> 0.1875 | S35: =S12/$E$12 -> 0 | ... X35: =X12/$E$12 -> 0 | Z35: P18 | AA35: =L19*$D$19 -> 0 | AB35: =M19*$D$19 -> 0 | AC35: =N19*$D$19 -> 0 | AD35: =O19*$D$19 -> 0 | AE35: =P19*$D$19 -> 0 | AF35: =Q19*$D$19 -> 0 | AG35: =R19*$D$19 -> 0 | AH35: =S19*$D$19 -> 0 | ... AM35: =X19*$D$19 -> 64692.548
K36: P12 | L36: =L13/$E$13 -> 0 | M36: =M13/$E$13 -> 0 | N36: =N13/$E$13 -> 0 | O36: =O13/$E$13 -> 0 | P36: =P13/$E$13 -> 0.16666667 | Q36: =Q13/$E$13 -> 0.16666667 | R36: =R13/$E$13 -> 0.083333333 | S36: =S13/$E$13 -> 0 | ... X36: =X13/$E$13 -> 0 | Z36: P19 | AA36: =L20*$D$20 -> 0 | AB36: =M20*$D$20 -> 0 | AC36: =N20*$D$20 -> 0 | AD36: =O20*$D$20 -> 0 | AE36: =P20*$D$20 -> 0 | AF36: =Q20*$D$20 -> 0 | AG36: =R20*$D$20 -> 0 | AH36: =S20*$D$20 -> 0 | ... AM36: =X20*$D$20 -> 182937.5
K37: P13 | L37: =L14/$E$14 -> 0 | M37: =M14/$E$14 -> 0 | N37: =N14/$E$14 -> 0 | O37: =O14/$E$14 -> 0 | P37: =P14/$E$14 -> 0.16666667 | Q37: =Q14/$E$14 -> 0.3 | R37: =R14/$E$14 -> 0.1 | S37: =S14/$E$14 -> 0.26666667 | ... X37: =X14/$E$14 -> 0 | Z37: P20 | AA37: =L21*$D$21 -> 0 | AB37: =M21*$D$21 -> 0 | AC37: =N21*$D$21 -> 0 | AD37: =O21*$D$21 -> 0 | AE37: =P21*$D$21 -> 0 | AF37: =Q21*$D$21 -> 0 | AG37: =R21*$D$21 -> 0 | AH37: =S21*$D$21 -> 0 | ... AM37: =X21*$D$21 -> 65161.731
K38: P14 | L38: =L15/$E$15 -> 0 | M38: =M15/$E$15 -> 0 | N38: =N15/$E$15 -> 0 | O38: =O15/$E$15 -> 0 | P38: =P15/$E$15 -> 0.21052632 | Q38: =Q15/$E$15 -> 0.31578947 | R38: =R15/$E$15 -> 0.10526316 | S38: =S15/$E$15 -> 0.36842105 | ... X38: =X15/$E$15 -> 0 | Z38: Sum | AA38: =SUM(AA18:AA37) -> 68398.546 | AB38: =SUM(AB18:AB37) -> 217573.71 | AC38: =SUM(AC18:AC37) -> 55764.375 | AD38: =SUM(AD18:AD37) -> 308260.65 | AE38: =SUM(AE18:AE37) -> 136407.93 | AF38: =SUM(AF18:AF37) -> 162999.63 | AG38: =SUM(AG18:AG37) -> 56316.106 | AH38: =SUM(AH18:AH37) -> 209757.45 | ... AM38: =SUM(AM18:AM37) -> 337883.08
K39: P15 | L39: =L16/$E$16 -> 0 | M39: =M16/$E$16 -> 0 | N39: =N16/$E$16 -> 0 | O39: =O16/$E$16 -> 0 | P39: =P16/$E$16 -> 0.1 | Q39: =Q16/$E$16 -> 0.16666667 | R39: =R16/$E$16 -> 0.066666667 | S39: =S16/$E$16 -> 0.33333333 | ... X39: =X16/$E$16 -> 0 | Z39: Sum Capacity | AA39: =5*16*60*L78 -> 81600 | AB39: =5*16*60*M78 -> 249600 | AC39: =5*16*60*N78 -> 67200 | AD39: =5*16*60*O78 -> 350400 | AE39: =5*16*60*P78 -> 158400 | AF39: =5*16*60*Q78 -> 187200 | AG39: =5*16*60*R78 -> 67200 | AH39: =5*16*60*S78 -> 240000 | ... AM39: =5*16*60*X78 -> 384000
K40: P16 | L40: =L17/$E$17 -> 0 | M40: =M17/$E$17 -> 0 | N40: =N17/$E$17 -> 0 | O40: =O17/$E$17 -> 0 | P40: =P17/$E$17 -> 0 | Q40: =Q17/$E$17 -> 0.125 | R40: =R17/$E$17 -> 0 | S40: =S17/$E$17 -> 0.5 | ... X40: =X17/$E$17 -> 0 | Z40: Utilization | AA40: =AA38/AA39 -> 0.83821747 | AB40: =AB38/AB39 -> 0.87168956 | AC40: =AC38/AC39 -> 0.82982701 | AD40: =AD38/AD39 -> 0.8797393 | AE40: =AE38/AE39 -> 0.86116119 | AF40: =AF38/AF39 -> 0.87072451 | AG40: =AG38/AG39 -> 0.83803729 | AH40: =AH38/AH39 -> 0.87398938 | ... AM40: =AM38/AM39 -> 0.87990385
K41: P17 | L41: =L18/$E$18 -> 0 | M41: =M18/$E$18 -> 0 | N41: =N18/$E$18 -> 0 | O41: =O18/$E$18 -> 0 | P41: =P18/$E$18 -> 0 | Q41: =Q18/$E$18 -> 0 | R41: =R18/$E$18 -> 0 | S41: =S18/$E$18 -> 0 | ... X41: =X18/$E$18 -> 0.48275862
K42: P18 | L42: =L19/$E$19 -> 0 | M42: =M19/$E$19 -> 0 | N42: =N19/$E$19 -> 0 | O42: =O19/$E$19 -> 0 | P42: =P19/$E$19 -> 0 | Q42: =Q19/$E$19 -> 0 | R42: =R19/$E$19 -> 0 | S42: =S19/$E$19 -> 0 | ... X42: =X19/$E$19 -> 0.6 | AK42: Overall utilization | AM42: =(SUM(AA38:AM38)/SUM(AA39:AM39)) -> 0.87017617
K43: P19 | L43: =L20/$E$20 -> 0 | M43: =M20/$E$20 -> 0 | N43: =N20/$E$20 -> 0 | O43: =O20/$E$20 -> 0 | P43: =P20/$E$20 -> 0 | Q43: =Q20/$E$20 -> 0 | R43: =R20/$E$20 -> 0 | S43: =S20/$E$20 -> 0 | ... X43: =X20/$E$20 -> 0.5952381 | AK43: 1-U | AM43: =1-AM42 -> 0.12982383
K44: P20 | L44: =L21/$E$21 -> 0 | M44: =M21/$E$21 -> 0 | N44: =N21/$E$21 -> 0 | O44: =O21/$E$21 -> 0 | P44: =P21/$E$21 -> 0 | Q44: =Q21/$E$21 -> 0 | R44: =R21/$E$21 -> 0 | S44: =S21/$E$21 -> 0 | ... X44: =X21/$E$21 -> 0.52173913
K47: Weekly_capacity_minutes | L47: A | M47: B | N47: C | O47: D | P47: E | Q47: F | R47: G | S47: H | T47: I | U47: J | V47: K | W47: L | X47: M | Z47: Part | AA47: Dimensions | AE47: Materials
K48: P1 | L48: =L25*$G$2 -> 34697.203 | M48: =M25*$G$2 -> 173486.01 | N48: =N25*$G$2 -> 17348.601 | O48: =O25*$G$2 -> 86743.006 | P48: =P25*$G$2 -> 0 | Q48: =Q25*$G$2 -> 0 | R48: =R25*$G$2 -> 0 | S48: =S25*$G$2 -> 0 | ... X48: =X25*$G$2 -> 0 | Z48: Identifier | AA48: X (in.) | AB48: Y (in.) | AC48: Z (in.) | AD48: Weight (lbs) | AE48: Price/unit
K49: P2 | L49: =L26*$G$3 -> 22572.988 | M49: =M26*$G$3 -> 0 | N49: =N26*$G$3 -> 9029.195 | O49: =O26*$G$3 -> 45145.975 | P49: =P26*$G$3 -> 0 | Q49: =Q26*$G$3 -> 0 | R49: =R26*$G$3 -> 0 | S49: =S26*$G$3 -> 18058.39 | ... X49: =X26*$G$3 -> 0 | Z49: P1 | AA49: 2 | AB49: 6 | AC49: 6 | AD49: 2 | AE49: 12 | AF49: =AE49*D2 -> 367235.19
K50: P3 | L50: =L27*$G$4 -> 0 | M50: =M27*$G$4 -> 16454.518 | N50: =N27*$G$4 -> 7051.9362 | O50: =O27*$G$4 -> 28207.745 | P50: =P27*$G$4 -> 0 | Q50: =Q27*$G$4 -> 0 | R50: =R27*$G$4 -> 0 | S50: =S27*$G$4 -> 0 | ... X50: =X27*$G$4 -> 0 | Z50: P2 | AA50: 8 | AB50: 8 | AC50: 4 | AD50: 14 | AE50: 100 | AF50: =AE50*D3 -> 1592750
K51: P4 | L51: =L28*$G$5 -> 15316.588 | M51: =M28*$G$5 -> 30633.176 | N51: =N28*$G$5 -> 0 | O51: =O28*$G$5 -> 45949.765 | P51: =P28*$G$5 -> 0 | Q51: =Q28*$G$5 -> 0 | R51: =R28*$G$5 -> 3829.147 | S51: =S28*$G$5 -> 19145.735 | ... X51: =X28*$G$5 -> 0 | Z51: P3 | AA51: 6 | AB51: 6 | AC51: 6 | AD51: 6 | AE51: 50 | AF51: =AE51*D4 -> 414653.85
K52: P5 | L52: =L29*$G$6 -> 0 | M52: =M29*$G$6 -> 17837.52 | N52: =N29*$G$6 -> 8918.7598 | O52: =O29*$G$6 -> 41620.879 | P52: =P29*$G$6 -> 0 | Q52: =Q29*$G$6 -> 0 | R52: =R29*$G$6 -> 0 | S52: =S29*$G$6 -> 0 | ... X52: =X29*$G$6 -> 0 | Z52: P4 | AA52: 12 | AB52: 6 | AC52: 4 | AD52: 16 | AE52: 120 | AF52: =AE52*D5 -> 1621107.7
K53: P6 | L53: =L30*$G$7 -> 4962.5932 | M53: =M30*$G$7 -> 8270.9887 | N53: =N30*$G$7 -> 3308.3955 | O53: =O30*$G$7 -> 19850.373 | P53: =P30*$G$7 -> 0 | Q53: =Q30*$G$7 -> 0 | R53: =R30*$G$7 -> 0 | S53: =S30*$G$7 -> 6616.7909 | ... X53: =X30*$G$7 -> 0 | Z53: P5 | AA53: 8 | AB53: 4 | AC53: 6 | AD53: 5 | AE53: 50 | AF53: =AE53*D6 -> 524423.08
K54: P7 | L54: =L31*$G$8 -> 0 | M54: =M31*$G$8 -> 0 | N54: =N31*$G$8 -> 17568.027 | O54: =O31*$G$8 -> 81984.127 | P54: =P31*$G$8 -> 23424.036 | Q54: =Q31*$G$8 -> 35136.054 | R54: =R31*$G$8 -> 0 | S54: =S31*$G$8 -> 0 | ... X54: =X31*$G$8 -> 0 | Z54: P6 | AA54: 2 | AB54: 8 | AC54: 6 | AD54: 3 | AE54: 15 | AF54: =AE54*D7 -> 87540.144
K55: P8 | L55: =L32*$G$9 -> 0 | M55: =M32*$G$9 -> 0 | N55: =N32*$G$9 -> 0 | O55: =O32*$G$9 -> 0 | P55: =P32*$G$9 -> 8562.2711 | Q55: =Q32*$G$9 -> 0 | R55: =R32*$G$9 -> 0 | S55: =S32*$G$9 -> 13699.634 | ... X55: =X32*$G$9 -> 0 | Z55: P7 | AA55: 2 | AB55: 2 | AC55: 12 | AD55: 1 | AE55: 25 | AF55: =AE55*D8 -> 516500
K56: P9 | L56: =L33*$G$10 -> 0 | M56: =M33*$G$10 -> 0 | N56: =N33*$G$10 -> 0 | O56: =O33*$G$10 -> 0 | P56: =P33*$G$10 -> 18993.655 | Q56: =Q33*$G$10 -> 26591.117 | R56: =R33*$G$10 -> 18993.655 | S56: =S33*$G$10 -> 0 | ... X56: =X33*$G$10 -> 0 | Z56: P8 | AA56: 4 | AB56: 4 | AC56: 4 | AD56: 1 | AE56: 20 | AF56: =AE56*D9 -> 120830.77
K57: P10 | L57: =L34*$G$11 -> 0 | M57: =M34*$G$11 -> 0 | N57: =N34*$G$11 -> 0 | O57: =O34*$G$11 -> 0 | P57: =P34*$G$11 -> 11276.9 | Q57: =Q34*$G$11 -> 13156.384 | R57: =R34*$G$11 -> 0 | S57: =S34*$G$11 -> 0 | ... X57: =X34*$G$11 -> 0 | Z57: P9 | AA57: 2 | AB57: 4 | AC57: 12 | AD57: 2 | AE57: 40 | AF57: =AE57*D10 -> 536076.92
K58: P11 | L58: =L35*$G$12 -> 0 | M58: =M35*$G$12 -> 0 | N58: =N35*$G$12 -> 0 | O58: =O35*$G$12 -> 0 | P58: =P35*$G$12 -> 33083.955 | Q58: =Q35*$G$12 -> 0 | R58: =R35*$G$12 -> 9925.1864 | S58: =S35*$G$12 -> 0 | ... X58: =X35*$G$12 -> 0 | Z58: P10 | AA58: 4 | AB58: 4 | AC58: 4 | AD58: 1 | AE58: 20 | AF58: =AE58*D11 -> 132616.35
K59: P12 | L59: =L36*$G$13 -> 0 | M59: =M36*$G$13 -> 0 | N59: =N36*$G$13 -> 0 | O59: =O36*$G$13 -> 0 | P59: =P36*$G$13 -> 16256.105 | Q59: =Q36*$G$13 -> 16256.105 | R59: =R36*$G$13 -> 8128.0525 | S59: =S36*$G$13 -> 0 | ... X59: =X36*$G$13 -> 0 | Z59: P11 | AA59: 4 | AB59: 6 | AC59: 4 | AD59: 2 | AE59: 30 | AF59: =AE59*D12 -> 350160.58
K60: P13 | L60: =L37*$G$14 -> 0 | M60: =M37*$G$14 -> 0 | N60: =N37*$G$14 -> 0 | O60: =O37*$G$14 -> 0 | P60: =P37*$G$14 -> 10160.066 | Q60: =Q37*$G$14 -> 18288.118 | R60: =R37*$G$14 -> 6096.0394 | S60: =S37*$G$14 -> 16256.105 | ... X60: =X37*$G$14 -> 0 | Z60: P12 | AA60: 6 | AB60: 6 | AC60: 4 | AD60: 2 | AE60: 30 | AF60: =AE60*D13 -> 430136.54
K61: P14 | L61: =L38*$G$15 -> 0 | M61: =M38*$G$15 -> 0 | N61: =N38*$G$15 -> 0 | O61: =O38*$G$15 -> 0 | P61: =P38*$G$15 -> 30331.851 | Q61: =Q38*$G$15 -> 45497.776 | R61: =R38*$G$15 -> 15165.925 | S61: =S38*$G$15 -> 53080.739 | ... X61: =X38*$G$15 -> 0 | Z61: P13 | AA61: 2 | AB61: 2 | AC61: 12 | AD61: 1 | AE61: 25 | AF61: =AE61*D14 -> 179223.56
K62: P15 | L62: =L39*$G$16 -> 0 | M62: =M39*$G$16 -> 0 | N62: =N39*$G$16 -> 0 | O62: =O39*$G$16 -> 0 | P62: =P39*$G$16 -> 2568.6813 | Q62: =Q39*$G$16 -> 4281.1355 | R62: =R39*$G$16 -> 1712.4542 | S62: =S39*$G$16 -> 8562.2711 | ... X62: =X39*$G$16 -> 0 | Z62: P14 | AA62: 2 | AB62: 4 | AC62: 6 | AD62: 1 | AE62: 20 | AF62: =AE62*D15 -> 535053.85
K63: P16 | L63: =L40*$G$17 -> 0 | M63: =M40*$G$17 -> 0 | N63: =N40*$G$17 -> 0 | O63: =O40*$G$17 -> 0 | P63: =P40*$G$17 -> 0 | Q63: =Q40*$G$17 -> 25600.144 | R63: =R40*$G$17 -> 0 | S63: =S40*$G$17 -> 102400.58 | ... X63: =X40*$G$17 -> 0 | Z63: P15 | AA63: 4 | AB63: 6 | AC63: 4 | AD63: 2 | AE63: 25 | AF63: =AE63*D16 -> 75519.231
K64: P17 | L64: =L41*$G$18 -> 0 | M64: =M41*$G$18 -> 0 | N64: =N41*$G$18 -> 0 | O64: =O41*$G$18 -> 0 | P64: =P41*$G$18 -> 0 | Q64: =Q41*$G$18 -> 0 | R64: =R41*$G$18 -> 0 | S64: =S41*$G$18 -> 0 | ... X64: =X41*$G$18 -> 28448.184 | Z64: P16 | AA64: 4 | AB64: 4 | AC64: 4 | AD64: 1 | AE64: 20 | AF64: =AE64*D17 -> 361269.23
K65: P18 | L65: =L42*$G$19 -> 0 | M65: =M42*$G$19 -> 0 | N65: =N42*$G$19 -> 0 | O65: =O42*$G$19 -> 0 | P65: =P42*$G$19 -> 0 | Q65: =Q42*$G$19 -> 0 | R65: =R42*$G$19 -> 0 | S65: =S42*$G$19 -> 0 | ... X65: =X42*$G$19 -> 73347.56 | Z65: P17 | AA65: 12 | AB65: 2 | AC65: 2 | AD65: 4 | AE65: 80 | AF65: =AE65*D18 -> 573515.38
K66: P19 | L66: =L43*$G$20 -> 0 | M66: =M43*$G$20 -> 0 | N66: =N43*$G$20 -> 0 | O66: =O43*$G$20 -> 0 | P66: =P43*$G$20 -> 0 | Q66: =Q43*$G$20 -> 0 | R66: =R43*$G$20 -> 0 | S66: =S43*$G$20 -> 0 | ... X66: =X43*$G$20 -> 207412.13 | Z66: P18 | AA66: 12 | AB66: 2 | AC66: 2 | AD66: 4 | AE66: 80 | AF66: =AE66*D19 -> 1380107.7
K67: P20 | L67: =L44*$G$21 -> 0 | M67: =M44*$G$21 -> 0 | N67: =N44*$G$21 -> 0 | O67: =O44*$G$21 -> 0 | P67: =P44*$G$21 -> 0 | Q67: =Q44*$G$21 -> 0 | R67: =R44*$G$21 -> 0 | S67: =S44*$G$21 -> 0 | ... X67: =X44*$G$21 -> 73879.513 | Z67: P19 | AA67: 12 | AB67: 2 | AC67: 2 | AD67: 4 | AE67: 80 | AF67: =AE67*D20 -> 2341600
Z68: P20 | AA68: 12 | AB68: 2 | AC68: 2 | AD68: 4 | AE68: 80 | AF68: =AE68*D21 -> 1737646.2
K69: SUM(minutes) | L69: =SUM(L48:L67) -> 77549.372 | M69: =SUM(M48:M67) -> 246682.22 | N69: =SUM(N48:N67) -> 63224.915 | O69: =SUM(O48:O67) -> 349501.87 | P69: =SUM(P48:P67) -> 154657.52 | Q69: =SUM(Q48:Q67) -> 184806.83 | R69: =SUM(R48:R67) -> 63850.46 | S69: =SUM(S48:S67) -> 237820.24 | ... X69: =SUM(X48:X67) -> 383087.39 | AC69: Weekly material cost | AF69: =SUM(AF49:AF68) -> 13877966
K70: Total Time(1 shift) | L70: =8*60*5 -> 2400 | M70: =8*60*5 -> 2400 | N70: =8*60*5 -> 2400 | O70: =8*60*5 -> 2400 | P70: =8*60*5 -> 2400 | Q70: =8*60*5 -> 2400 | R70: =8*60*5 -> 2400 | S70: =8*60*5 -> 2400 | ... X70: =8*60*5 -> 2400 | AC70: Yearly material cost | AF70: =AF69*49 -> 6.8002034e+08
K71: Total Time(2 shifts) | L71: =16*5*60 -> 4800 | M71: =16*5*60 -> 4800 | N71: =16*5*60 -> 4800 | O71: =16*5*60 -> 4800 | P71: =16*5*60 -> 4800 | Q71: =16*5*60 -> 4800 | R71: =16*5*60 -> 4800 | S71: =16*5*60 -> 4800 | ... X71: =16*5*60 -> 4800
K73: # of machines(1 shift) | L73: =L69/L70 -> 32.312238 | M73: =M69/M70 -> 102.78426 | N73: =N69/N70 -> 26.343715 | O73: =O69/O70 -> 145.62578 | P73: =P69/P70 -> 64.440633 | Q73: =Q69/Q70 -> 77.002847 | R73: =R69/R70 -> 26.604358 | S73: =S69/S70 -> 99.091767 | ... X73: =X69/X70 -> 159.61975
K74: # of machines(2 shift) | L74: =L69/L71 -> 16.156119 | M74: =M69/M71 -> 51.392128 | N74: =N69/N71 -> 13.171857 | O74: =O69/O71 -> 72.81289 | P74: =P69/P71 -> 32.220317 | Q74: =Q69/Q71 -> 38.501424 | R74: =R69/R71 -> 13.302179 | S74: =S69/S71 -> 49.545883 | ... X74: =X69/X71 -> 79.809873
K76: rounded ans | L76: A | M76: B | N76: C | O76: D | P76: E | Q76: F | R76: G | S76: H | T76: I | U76: J | V76: K | W76: L | X76: M
K77: # of machines(1 shift) | L77: =ROUNDUP(L73,0) -> 33 | M77: =ROUNDUP(M73,0) -> 103 | N77: =ROUNDUP(N73,0) -> 27 | O77: =ROUNDUP(O73,0) -> 146 | P77: =ROUNDUP(P73,0) -> 65 | Q77: =ROUNDUP(Q73,0) -> 78 | R77: =ROUNDUP(R73,0) -> 27 | S77: =ROUNDUP(S73,0) -> 100 | ... X77: =ROUNDUP(X73,0) -> 160
K78: # of machines(2 shift) | L78: =ROUNDUP(L74,0) -> 17 | M78: =ROUNDUP(M74,0) -> 52 | N78: =ROUNDUP(N74,0) -> 14 | O78: =ROUNDUP(O74,0) -> 73 | P78: =ROUNDUP(P74,0) -> 33 | Q78: =ROUNDUP(Q74,0) -> 39 | R78: =ROUNDUP(R74,0) -> 14 | S78: =ROUNDUP(S74,0) -> 50 | ... X78: =ROUNDUP(X74,0) -> 80 | Y78: =SUM(L78:X78) -> 559
K80: inner size | L80: 7 | M80: 7 | N80: 7 | O80: 7 | P80: 6 | Q80: 6 | R80: 6 | S80: 5 | T80: 5 | U80: 5 | V80: 3 | W80: 3 | X80: 3
L81: 8 | M81: 8 | N81: 8 | O81: 8 | P81: 16 | Q81: 16 | R81: 16 | S81: 24 | T81: 24 | U81: 24 | V81: 6 | W81: 6 | X81: 6
K82: outer size | L82: 14 | M82: 14 | N82: 14 | O82: 14 | P82: 22 | Q82: 22 | R82: 22 | S82: 14 | T82: 14 | U82: 14 | V82: 14 | W82: 14 | X82: 14
L83: 14 | M83: 14 | N83: 14 | O83: 14 | P83: 15 | Q83: 15 | R83: 15 | S83: 36 | T83: 36 | U83: 36 | V83: 7 | W83: 7 | X83: 7
K85: Operators hourly cost/each machine | L85: =1*20+1/4*40 -> 30 | M85: =1*20+1/4*40 -> 30 | N85: =1*20+1/4*40 -> 30 | O85: =1*20+1/4*40 -> 30 | P85: =1*20+1/2*60 -> 50 | Q85: =1*20+1/2*60 -> 50 | R85: =1*20+1/2*60 -> 50 | S85: 120 | T85: 120 | U85: 120 | V85: 20 | W85: 20 | X85: 20
K86: Installed price | L86: 150000 | M86: 200000 | N86: 250000 | O86: 300000 | P86: 400000 | Q86: 400000 | R86: 400000 | S86: 1000000 | T86: 500000 | U86: 500000 | V86: 80000 | W86: 100000 | X86: 50000
K88: # of personnel/each machine | L88: A | M88: B | N88: C | O88: D | P88: E | Q88: F | R88: G | S88: H | T88: I | U88: J | V88: K | W88: L | X88: M
K89: C1 | L89: 1 | M89: 1 | N89: 1 | O89: 1 | P89: 1 | Q89: 1 | R89: 1 | S89: 0 | T89: 0 | U89: 0 | V89: 0 | W89: 0 | X89: 0
K90: C2 | L90: 0.25 | M90: 0.25 | N90: 0.25 | O90: 0.25 | P90: 0 | Q90: 0 | R90: 0 | S90: 0 | T90: 0 | U90: 0 | V90: 0.5 | W90: 0.5 | X90: 0.5
K91: C3 | L91: 0 | M91: 0 | N91: 0 | O91: 0 | P91: 0.5 | Q91: 0.5 | R91: 0.5 | S91: 2 | T91: 2 | U91: 2 | V91: 0 | W91: 0 | X91: 0
K93: Total working hours( 2 shifts, 49 weeks) | L93: =49*5*16 -> 3920 | M93: =49*5*16 -> 3920 | N93: =49*5*16 -> 3920 | O93: =49*5*16 -> 3920 | P93: =49*5*16 -> 3920 | Q93: =49*5*16 -> 3920 | R93: =49*5*16 -> 3920 | S93: =49*5*16 -> 3920 | ... X93: =49*5*16 -> 3920
K95: Total # of personnel | L95: A | M95: B | N95: C | O95: D | P95: E | Q95: F | R95: G | S95: H | T95: I | U95: J | V95: K | W95: L | X95: M | Y95: SUM
K96: C1 | L96: =ROUNDUP(L89*L78*2,0) -> 34 | M96: =ROUNDUP(M89*M78*2,0) -> 104 | N96: =ROUNDUP(N89*N78*2,0) -> 28 | O96: =ROUNDUP(O89*O78*2,0) -> 146 | P96: =ROUNDUP(P89*P78*2,0) -> 66 | Q96: =ROUNDUP(Q89*Q78*2,0) -> 78 | R96: =ROUNDUP(R89*R78*2,0) -> 28 | S96: =ROUNDUP(S89*S78*2,0) -> 0 | ... X96: =ROUNDUP(X89*X78*2,0) -> 0 | Y96: =SUM(L96:X96) -> 484
K97: C2 | L97: =ROUNDUP(L90*L78*2,0) -> 9 | M97: =ROUNDUP(M90*M78*2,0) -> 26 | N97: =ROUNDUP(N90*N78*2,0) -> 7 | O97: =ROUNDUP(O90*O78*2,0) -> 37 | P97: =ROUNDUP(P90*P78*2,0) -> 0 | Q97: =ROUNDUP(Q90*Q78*2,0) -> 0 | R97: =ROUNDUP(R90*R78*2,0) -> 0 | S97: =ROUNDUP(S90*S78*2,0) -> 0 | ... X97: =ROUNDUP(X90*X78*2,0) -> 80 | Y97: =SUM(L97:X97) -> 220
K98: C3 | L98: =ROUNDUP(L91*L78*2,0) -> 0 | M98: =ROUNDUP(M91*M78*2,0) -> 0 | N98: =ROUNDUP(N91*N78*2,0) -> 0 | O98: =ROUNDUP(O91*O78*2,0) -> 0 | P98: =ROUNDUP(P91*P78*2,0) -> 33 | Q98: =ROUNDUP(Q91*Q78*2,0) -> 39 | R98: =ROUNDUP(R91*R78*2,0) -> 14 | S98: =ROUNDUP(S91*S78*2,0) -> 200 | ... X98: =ROUNDUP(X91*X78*2,0) -> 0 | Y98: =SUM(L98:X98) -> 790
K99: Center-specific total | L99: =SUM(L96:L98) -> 43 | M99: =SUM(M96:M98) -> 130 | N99: =SUM(N96:N98) -> 35 | O99: =SUM(O96:O98) -> 183 | P99: =SUM(P96:P98) -> 99 | Q99: =SUM(Q96:Q98) -> 117 | R99: =SUM(R96:R98) -> 42 | S99: =SUM(S96:S98) -> 200 | ... Y99: =SUM(Y96:Y98) -> 1494
K102: Annual Installed fee | L102: =L78*L86/10 -> 255000 | M102: =M78*M86/10 -> 1040000 | N102: =N78*N86/10 -> 350000 | O102: =O78*O86/10 -> 2190000 | P102: =P78*P86/10 -> 1320000 | Q102: =Q78*Q86/10 -> 1560000 | R102: =R78*R86/10 -> 560000 | S102: =S78*S86/15 -> 3333333.3 | T102: =T78*T86/15 -> 1533333.3 | U102: =U78*U86/15 -> 2666666.7 | V102: =V78*V86/8 -> 110000 | W102: =W78*W86/8 -> 625000 | X102: =X78*X86/8 -> 500000
K103: Annual operator cost | L103: =L85*16*5*49*L78 -> 1999200 | M103: =M85*16*5*49*M78 -> 6115200 | N103: =N85*16*5*49*N78 -> 1646400 | O103: =O85*16*5*49*O78 -> 8584800 | P103: =P85*16*5*49*P78 -> 6468000 | Q103: =Q85*16*5*49*Q78 -> 7644000 | R103: =R85*16*5*49*R78 -> 2744000 | S103: =S85*16*5*49*S78 -> 23520000 | ... X103: =X85*16*5*49*X78 -> 6272000
K106: Total Installed cost | L106: =SUM(L102:X102) -> 16043333
K107: Total operator cost | L107: =SUM(L103:X103) -> 129046400
K108: Total Land Fee | L108: =710*393*250 -> 69757500
K109: Total Cost | L109: =SUM(L106:L108) -> 2.1484723e+08

Sheet Y2
A1: Part | B1: Annual_Demand_Mean_Units | C1: Weekly_Demand_StdDev_Units | D1: Weekly_Robust_Demand_99p5_Units | E1: Total_Minutes_Per_Unit | F1: Weekly_Robust_Net_Minutes | G1: Weekly_Robust_Gross_Minutes | K1: Process Time | L1: A | M1: B | N1: C | O1: D | P1: E | Q1: F | R1: G | S1: H | T1: I | U1: J | V1: K | W1: L | X1: M | Z1: Distance | AA1: A | AB1: B | AC1: C | AD1: D | AE1: E | AF1: F | AG1: G | AH1: H | AI1: I | AJ1: J | AK1: K | AL1: L | AM1: M
A2: P1 | B2: 1357200 | C2: 1835.8084 | D2: 34466.075 | E2: 12.75 | F2: 393066.29 | G2: 498234.08 | K2: P1 | L2: 1 | M2: 5 | N2: 0.5 | O2: 2.5 | P2: 0 | Q2: 0 | R2: 0 | S2: 0 | T2: 1.25 | U2: 2.5 | V2: 0 | W2: 0 | X2: 0 | Z2: A | AA2: 0 | AB2: 146 | AC2: 311 | AD2: 0 | AE2: 0 | AF2: 0 | AG2: 0 | AH2: 0 | AI2: 0 | AJ2: 0 | AK2: 0 | AL2: 0 | AM2: 0
A3: P2 | B3: 800800 | C3: 1196.4692 | D3: 20163.7 | E3: 7.75 | F3: 143234.73 | G3: 177175.37 | K3: P2 | L3: 1.25 | M3: 0 | N3: 0.5 | O3: 2.5 | P3: 0 | Q3: 0 | R3: 0 | S3: 1 | T3: 0 | U3: 2.5 | V3: 0 | W3: 0 | X3: 0 | Z3: B | AA3: 146 | AB3: 0 | AC3: 165 | AD3: 357 | AE3: 0 | AF3: 0 | AG3: 0 | AH3: 0 | AI3: 0 | AJ3: 0 | AK3: 0 | AL3: 0 | AM3: 0
A4: P3 | B4: 655200 | C4: 920.28424 | D4: 9964.7 | E4: 9.5 | F4: 142219.7 | G4: 107329.54 | K4: P3 | L4: 0 | M4: 1.75 | N4: 0.75 | O4: 3 | P4: 0 | Q4: 0 | R4: 0 | S4: 0 | T4: 1.5 | U4: 2.5 | V4: 0 | W4: 0 | X4: 0 | Z4: C | AA4: 0 | AB4: 0 | AC4: 0 | AD4: 193 | AE4: 0 | AF4: 0 | AG4: 0 | AH4: 0 | AI4: =236+211 -> 447 | AJ4: 0 | AK4: 0 | AL4: 0 | AM4: 0
A5: P4 | B5: 530400 | C5: 887.95357 | D5: 14876.2 | E5: 7.5 | F5: 93654.126 | G5: 126498.3 | K5: P4 | L5: 1 | M5: 2 | N5: 0 | O5: 3 | P5: 0 | Q5: 0 | R5: 0.25 | S5: 1.25 | T5: 0 | U5: 0 | V5: 0 | W5: 0 | X5: 0 | Z5: D | AA5: 0 | AB5: 0 | AC5: 193 | AD5: 0 | AE5: 0 | AF5: 0 | AG5: 89 | AH5: =209+219 -> 428 | AI5: =428+209 -> 637 | AJ5: 0 | AK5: 0 | AL5: 0 | AM5: 0
A6: P5 | B6: 462800 | C6: 813.46836 | D6: 11211 | E6: 7.5 | F6: 82465.167 | G6: 95331.633 | K6: P5 | L6: 0 | M6: 1.5 | N6: 0.75 | O6: 3.5 | P6: 0 | Q6: 0 | R6: 0 | S6: 0 | T6: 1.75 | U6: 0 | V6: 0 | W6: 0 | X6: 0 | Z6: E | AA6: 0 | AB6: 0 | AC6: 0 | AD6: 0 | AE6: 0 | AF6: 282 | AG6: 485 | AH6: =633+131 -> 764 | AI6: 0 | AJ6: 0 | AK6: 0 | AL6: 0 | AM6: 0
A7: P6 | B7: 452400 | C7: 736.02362 | D7: 7347.975 | E7: 10.5 | F7: 111256.65 | G7: 87475.893 | K7: P6 | L7: 0.75 | M7: 1.25 | N7: 0.5 | O7: 3 | P7: 0 | Q7: 0 | R7: 0 | S7: 1 | T7: 1.25 | U7: 2.75 | V7: 0 | W7: 0 | X7: 0 | Z7: F | AA7: 0 | AB7: 0 | AC7: 89 | AD7: 0 | AE7: 0 | AF7: 0 | AG7: 202 | AH7: 350 | AI7: =287+123 -> 410 | AJ7: 0 | AK7: 0 | AL7: 0 | AM7: 0
A8: P7 | B8: 878800 | C8: 1503.3936 | D8: 22657.2 | E8: 10 | F8: 207724.85 | G8: 256884.35 | K8: P7 | L8: 0 | M8: 0 | N8: 0.75 | O8: 3.5 | P8: 1 | Q8: 1.5 | R8: 0 | S8: 0 | T8: 1.25 | U8: 2 | V8: 0 | W8: 0 | X8: 0 | Z8: G | AA8: 0 | AB8: 0 | AC8: 0 | AD8: 0 | AE8: =489 -> 489 | AF8: 202 | AG8: 0 | AH8: =148+131 -> 279 | AI8: =489+121 -> 610 | AJ8: 0 | AK8: 0 | AL8: 0 | AM8: 0
A9: P8 | B9: 634400 | C9: 973.8899 | D9: 7330.4 | E9: 4.75 | F9: 69865.727 | G9: 39477.778 | K9: P8 | L9: 0 | M9: 0 | N9: 0 | O9: 0 | P9: 1.25 | Q9: 0 | R9: 0 | S9: 2 | T9: 1 | U9: 0.5 | V9: 0 | W9: 0 | X9: 0 | Z9: H | AA9: 0 | AB9: 0 | AC9: 0 | AD9: 0 | AE9: 0 | AF9: 0 | AG9: 0 | AH9: 0 | AI9: =636 -> 636 | AJ9: =317 -> 317 | AK9: 0 | AL9: 0 | AM9: 0
A10: P9 | B10: 592800 | C10: 952.32509 | D10: 14241 | E10: 8.5 | F10: 117750.73 | G10: 137243.2 | K10: P9 | L10: 0 | M10: 0 | N10: 0 | O10: 0 | P10: 1.25 | Q10: 1.75 | R10: 1.25 | S10: 0 | T10: 1.25 | U10: 3 | V10: 0 | W10: 0 | X10: 0 | Z10: I | AA10: 0 | AB10: 0 | AC10: 0 | AD10: 0 | AE10: 0 | AF10: 0 | AG10: 0 | AH10: 0 | AI10: 0 | AJ10: =319 -> 319 | AK10: 0 | AL10: 0 | AM10: 0
A11: P10 | B11: 353600 | C11: 498.84482 | D11: 8002.475 | E11: 6.5 | F11: 52552.104 | G11: 58975.156 | K11: P10 | L11: 0 | M11: 0 | N11: 0 | O11: 0 | P11: 1.5 | Q11: 1.75 | R11: 0 | S11: 0 | T11: 1.25 | U11: 2 | V11: 0 | W11: 0 | X11: 0 | Z11: J | AA11: 0 | AB11: 0 | AC11: 0 | AD11: 0 | AE11: 0 | AF11: 0 | AG11: 0 | AH11: 0 | AI11: 319 | AJ11: 0 | AK11: 0 | AL11: 0 | AM11: 0
A12: P11 | B12: 790400 | C12: 1223.4881 | D12: 14695.95 | E12: 4 | F12: 73405.986 | G12: 66648.299 | K12: P11 | L12: 0 | M12: 0 | N12: 0 | O12: 0 | P12: 2.5 | Q12: 0 | R12: 0.75 | S12: 0 | T12: 0.75 | U12: 0 | V12: 0 | W12: 0 | X12: 0 | Z12: K | AA12: 0 | AB12: 0 | AC12: 0 | AD12: 0 | AE12: 0 | AF12: 0 | AG12: 0 | AH12: 0 | AI12: 0 | AJ12: 0 | AK12: 0 | AL12: 85.5 | AM12: 95
A13: P12 | B13: 946400 | C13: 1392.5627 | D13: 18854.7 | E13: 6 | F13: 130722.02 | G13: 128263.27 | K13: P12 | L13: 0 | M13: 0 | N13: 0 | O13: 0 | P13: 1 | Q13: 1 | R13: 0.5 | S13: 0 | T13: 1.25 | U13: 2.25 | V13: 0 | W13: 0 | X13: 0 | Z13: L | AA13: 0 | AB13: 0 | AC13: 0 | AD13: 0 | AE13: 0 | AF13: 0 | AG13: 0 | AH13: 0 | AI13: 0 | AJ13: 0 | AK13: 85.5 | AL13: 0 | AM13: =85.5+95 -> 180.5
A14: P13 | B14: 473200 | C14: 709.95666 | D14: 9427.35 | E14: 7.5 | F14: 81965.454 | G14: 80164.541 | K14: P13 | L14: 0 | M14: 0 | N14: 0 | O14: 0 | P14: 1.25 | Q14: 2.25 | R14: 0.75 | S14: 2 | T14: 1.25 | U14: 0 | V14: 0 | W14: 0 | X14: 0 | Z14: M | AA14: 0 | AB14: 0 | AC14: 0 | AD14: 0 | AE14: 0 | AF14: 0 | AG14: 0 | AH14: 0 | AI14: 0 | AJ14: 0 | AK14: 0 | AL14: =180.5 -> 180.5 | AM14: 0
A15: P14 | B15: 1279200 | C15: 1623.1498 | D15: 29234.8 | E15: 4.75 | F15: 136709.55 | G15: 157443.65 | K15: P14 | L15: 0 | M15: 0 | N15: 0 | O15: 0 | P15: 1 | Q15: 1.5 | R15: 0.5 | S15: 1.75 | T15: 0 | U15: 0 | V15: 0 | W15: 0 | X15: 0
A16: P15 | B16: 312000 | C16: 505.35593 | D16: 3665.2 | E16: 7.5 | F16: 54762.83 | G16: 31166.667 | K16: P15 | L16: 0 | M16: 0 | N16: 0 | O16: 0 | P16: 0.75 | Q16: 1.25 | R16: 0.5 | S16: 2.5 | T16: 0 | U16: 2.5 | V16: 0 | W16: 0 | X16: 0
A17: P16 | B17: 665600 | C17: 1523.1546 | D17: 19392 | E17: 10 | F17: 167233.86 | G17: 219863.95 | K17: P16 | L17: 0 | M17: 0 | N17: 0 | O17: 0 | P17: 0 | Q17: 1.25 | R17: 0 | S17: 5 | T17: 1.25 | U17: 2.5 | V17: 0 | W17: 0 | X17: 0 | Z17: Capacity | AA17: A | AB17: B | AC17: C | AD17: D | AE17: E | AF17: F | AG17: G | AH17: H | AI17: I | AJ17: J | AK17: K | AL17: L | AM17: M
A18: P17 | B18: 561600 | C18: 739.02222 | D18: 9427.35 | E18: 7.25 | F18: 92101.064 | G18: 77492.389 | K18: P17 | L18: 0 | M18: 0 | N18: 0 | O18: 0 | P18: 0 | Q18: 0 | R18: 0 | S18: 0 | T18: 0 | U18: 0 | V18: 0.75 | W18: 3 | X18: 3.5 | Z18: P1 | AA18: =L2*$D$2 -> 34466.075 | AB18: =M2*$D$2 -> 172330.38 | AC18: =N2*$D$2 -> 17233.037 | AD18: =O2*$D$2 -> 86165.188 | AE18: =P2*$D$2 -> 0 | AF18: =Q2*$D$2 -> 0 | AG18: =R2*$D$2 -> 0 | AH18: =S2*$D$2 -> 0 | ... AM18: =X2*$D$2 -> 0
A19: P18 | B19: 920400 | C19: 1352.2773 | D19: 21884.7 | E19: 6.25 | F19: 132395.22 | G19: 155078.66 | K19: P18 | L19: 0 | M19: 0 | N19: 0 | O19: 0 | P19: 0 | Q19: 0 | R19: 0 | S19: 0 | T19: 0 | U19: 0 | V19: 1.25 | W19: 1.25 | X19: 3.75 | Z19: P2 | AA19: =L3*$D$3 -> 25204.625 | AB19: =M3*$D$3 -> 0 | AC19: =N3*$D$3 -> 10081.85 | AD19: =O3*$D$3 -> 50409.25 | AE19: =P3*$D$3 -> 0 | AF19: =Q3*$D$3 -> 0 | AG19: =R3*$D$3 -> 0 | AH19: =S3*$D$3 -> 20163.7 | ... AM19: =X3*$D$3 -> 0
A20: P19 | B20: 1341600 | C20: 1861.5544 | D20: 32386.7 | E20: 10.5 | F20: 321247.99 | G20: 385555.95 | K20: P19 | L20: 0 | M20: 0 | N20: 0 | O20: 0 | P20: 0 | Q20: 0 | R20: 0 | S20: 0 | T20: 0 | U20: 0 | V20: 0 | W20: 4.25 | X20: 6.25 | Z20: P3 | AA20: =L4*$D$4 -> 0 | AB20: =M4*$D$4 -> 17438.225 | AC20: =N4*$D$4 -> 7473.525 | AD20: =O4*$D$4 -> 29894.1 | AE20: =P4*$D$4 -> 0 | AF20: =Q4*$D$4 -> 0 | AG20: =R4*$D$4 -> 0 | AH20: =S4*$D$4 -> 0 | ... AM20: =X4*$D$4 -> 0
A21: P20 | B21: 1097200 | C21: 1533.5354 | D21: 23829.3 | E21: 5.75 | F21: 144038.22 | G21: 155349.74 | K21: P20 | L21: 0 | M21: 0 | N21: 0 | O21: 0 | P21: 0 | Q21: 0 | R21: 0 | S21: 0 | T21: 0 | U21: 0 | V21: 0.75 | W21: 2 | X21: 3 | Z21: P4 | AA21: =L5*$D$5 -> 14876.2 | AB21: =M5*$D$5 -> 29752.4 | AC21: =N5*$D$5 -> 0 | AD21: =O5*$D$5 -> 44628.6 | AE21: =P5*$D$5 -> 0 | AF21: =Q5*$D$5 -> 0 | AG21: =R5*$D$5 -> 3719.05 | AH21: =S5*$D$5 -> 18595.25 | ... AM21: =X5*$D$5 -> 0
D22: =SUM(D2:D21) -> 333058.78 | Z22: P5 | AA22: =L6*$D$6 -> 0 | AB22: =M6*$D$6 -> 16816.5 | AC22: =N6*$D$6 -> 8408.25 | AD22: =O6*$D$6 -> 39238.5 | AE22: =P6*$D$6 -> 0 | AF22: =Q6*$D$6 -> 0 | AG22: =R6*$D$6 -> 0 | AH22: =S6*$D$6 -> 0 | ... AM22: =X6*$D$6 -> 0
Z23: P6 | AA23: =L7*$D$7 -> 5510.9813 | AB23: =M7*$D$7 -> 9184.9688 | AC23: =N7*$D$7 -> 3673.9875 | AD23: =O7*$D$7 -> 22043.925 | AE23: =P7*$D$7 -> 0 | AF23: =Q7*$D$7 -> 0 | AG23: =R7*$D$7 -> 0 | AH23: =S7*$D$7 -> 7347.975 | ... AM23: =X7*$D$7 -> 0
K24: Proportion | L24: A | M24: B | N24: C | O24: D | P24: E | Q24: F | R24: G | S24: H | T24: I | U24: J | V24: K | W24: L | X24: M | Z24: P7 | AA24: =L8*$D$8 -> 0 | AB24: =M8*$D$8 -> 0 | AC24: =N8*$D$8 -> 16992.9 | AD24: =O8*$D$8 -> 79300.2 | AE24: =P8*$D$8 -> 22657.2 | AF24: =Q8*$D$8 -> 33985.8 | AG24: =R8*$D$8 -> 0 | AH24: =S8*$D$8 -> 0 | ... AM24: =X8*$D$8 -> 0
K25: P1 | L25: =L2/$E$2 -> 0.078431373 | M25: =M2/$E$2 -> 0.39215686 | N25: =N2/$E$2 -> 0.039215686 | O25: =O2/$E$2 -> 0.19607843 | P25: =P2/$E$2 -> 0 | Q25: =Q2/$E$2 -> 0 | R25: =R2/$E$2 -> 0 | S25: =S2/$E$2 -> 0 | ... X25: =X2/$E$2 -> 0 | Z25: P8 | AA25: =L9*$D$9 -> 0 | AB25: =M9*$D$9 -> 0 | AC25: =N9*$D$9 -> 0 | AD25: =O9*$D$9 -> 0 | AE25: =P9*$D$9 -> 9163 | AF25: =Q9*$D$9 -> 0 | AG25: =R9*$D$9 -> 0 | AH25: =S9*$D$9 -> 14660.8 | ... AM25: =X9*$D$9 -> 0
K26: P2 | L26: =L3/$E$3 -> 0.16129032 | M26: =M3/$E$3 -> 0 | N26: =N3/$E$3 -> 0.064516129 | O26: =O3/$E$3 -> 0.32258065 | P26: =P3/$E$3 -> 0 | Q26: =Q3/$E$3 -> 0 | R26: =R3/$E$3 -> 0 | S26: =S3/$E$3 -> 0.12903226 | ... X26: =X3/$E$3 -> 0 | Z26: P9 | AA26: =L10*$D$10 -> 0 | AB26: =M10*$D$10 -> 0 | AC26: =N10*$D$10 -> 0 | AD26: =O10*$D$10 -> 0 | AE26: =P10*$D$10 -> 17801.25 | AF26: =Q10*$D$10 -> 24921.75 | AG26: =R10*$D$10 -> 17801.25 | AH26: =S10*$D$10 -> 0 | ... AM26: =X10*$D$10 -> 0
K27: P3 | L27: =L4/$E$4 -> 0 | M27: =M4/$E$4 -> 0.18421053 | N27: =N4/$E$4 -> 0.078947368 | O27: =O4/$E$4 -> 0.31578947 | P27: =P4/$E$4 -> 0 | Q27: =Q4/$E$4 -> 0 | R27: =R4/$E$4 -> 0 | S27: =S4/$E$4 -> 0 | ... X27: =X4/$E$4 -> 0 | Z27: P10 | AA27: =L11*$D$11 -> 0 | AB27: =M11*$D$11 -> 0 | AC27: =N11*$D$11 -> 0 | AD27: =O11*$D$11 -> 0 | AE27: =P11*$D$11 -> 12003.713 | AF27: =Q11*$D$11 -> 14004.331 | AG27: =R11*$D$11 -> 0 | AH27: =S11*$D$11 -> 0 | ... AM27: =X11*$D$11 -> 0
K28: P4 | L28: =L5/$E$5 -> 0.13333333 | M28: =M5/$E$5 -> 0.26666667 | N28: =N5/$E$5 -> 0 | O28: =O5/$E$5 -> 0.4 | P28: =P5/$E$5 -> 0 | Q28: =Q5/$E$5 -> 0 | R28: =R5/$E$5 -> 0.033333333 | S28: =S5/$E$5 -> 0.16666667 | ... X28: =X5/$E$5 -> 0 | Z28: P11 | AA28: =L12*$D$12 -> 0 | AB28: =M12*$D$12 -> 0 | AC28: =N12*$D$12 -> 0 | AD28: =O12*$D$12 -> 0 | AE28: =P12*$D$12 -> 36739.875 | AF28: =Q12*$D$12 -> 0 | AG28: =R12*$D$12 -> 11021.963 | AH28: =S12*$D$12 -> 0 | ... AM28: =X12*$D$12 -> 0
K29: P5 | L29: =L6/$E$6 -> 0 | M29: =M6/$E$6 -> 0.2 | N29: =N6/$E$6 -> 0.1 | O29: =O6/$E$6 -> 0.46666667 | P29: =P6/$E$6 -> 0 | Q29: =Q6/$E$6 -> 0 | R29: =R6/$E$6 -> 0 | S29: =S6/$E$6 -> 0 | ... X29: =X6/$E$6 -> 0 | Z29: P12 | AA29: =L13*$D$13 -> 0 | AB29: =M13*$D$13 -> 0 | AC29: =N13*$D$13 -> 0 | AD29: =O13*$D$13 -> 0 | AE29: =P13*$D$13 -> 18854.7 | AF29: =Q13*$D$13 -> 18854.7 | AG29: =R13*$D$13 -> 9427.35 | AH29: =S13*$D$13 -> 0 | ... AM29: =X13*$D$13 -> 0
K30: P6 | L30: =L7/$E$7 -> 0.071428571 | M30: =M7/$E$7 -> 0.11904762 | N30: =N7/$E$7 -> 0.047619048 | O30: =O7/$E$7 -> 0.28571429 | P30: =P7/$E$7 -> 0 | Q30: =Q7/$E$7 -> 0 | R30: =R7/$E$7 -> 0 | S30: =S7/$E$7 -> 0.095238095 | ... X30: =X7/$E$7 -> 0 | Z30: P13 | AA30: =L14*$D$14 -> 0 | AB30: =M14*$D$14 -> 0 | AC30: =N14*$D$14 -> 0 | AD30: =O14*$D$14 -> 0 | AE30: =P14*$D$14 -> 11784.188 | AF30: =Q14*$D$14 -> 21211.538 | AG30: =R14*$D$14 -> 7070.5125 | AH30: =S14*$D$14 -> 18854.7 | ... AM30: =X14*$D$14 -> 0
K31: P7 | L31: =L8/$E$8 -> 0 | M31: =M8/$E$8 -> 0 | N31: =N8/$E$8 -> 0.075 | O31: =O8/$E$8 -> 0.35 | P31: =P8/$E$8 -> 0.1 | Q31: =Q8/$E$8 -> 0.15 | R31: =R8/$E$8 -> 0 | S31: =S8/$E$8 -> 0 | ... X31: =X8/$E$8 -> 0 | Z31: P14 | AA31: =L15*$D$15 -> 0 | AB31: =M15*$D$15 -> 0 | AC31: =N15*$D$15 -> 0 | AD31: =O15*$D$15 -> 0 | AE31: =P15*$D$15 -> 29234.8 | AF31: =Q15*$D$15 -> 43852.2 | AG31: =R15*$D$15 -> 14617.4 | AH31: =S15*$D$15 -> 51160.9 | ... AM31: =X15*$D$15 -> 0
K32: P8 | L32: =L9/$E$9 -> 0 | M32: =M9/$E$9 -> 0 | N32: =N9/$E$9 -> 0 | O32: =O9/$E$9 -> 0 | P32: =P9/$E$9 -> 0.26315789 | Q32: =Q9/$E$9 -> 0 | R32: =R9/$E$9 -> 0 | S32: =S9/$E$9 -> 0.42105263 | ... X32: =X9/$E$9 -> 0 | Z32: P15 | AA32: =L16*$D$16 -> 0 | AB32: =M16*$D$16 -> 0 | AC32: =N16*$D$16 -> 0 | AD32: =O16*$D$16 -> 0 | AE32: =P16*$D$16 -> 2748.9 | AF32: =Q16*$D$16 -> 4581.5 | AG32: =R16*$D$16 -> 1832.6 | AH32: =S16*$D$16 -> 9163 | ... AM32: =X16*$D$16 -> 0
K33: P9 | L33: =L10/$E$10 -> 0 | M33: =M10/$E$10 -> 0 | N33: =N10/$E$10 -> 0 | O33: =O10/$E$10 -> 0 | P33: =P10/$E$10 -> 0.14705882 | Q33: =Q10/$E$10 -> 0.20588235 | R33: =R10/$E$10 -> 0.14705882 | S33: =S10/$E$10 -> 0 | ... X33: =X10/$E$10 -> 0 | Z33: P16 | AA33: =L17*$D$17 -> 0 | AB33: =M17*$D$17 -> 0 | AC33: =N17*$D$17 -> 0 | AD33: =O17*$D$17 -> 0 | AE33: =P17*$D$17 -> 0 | AF33: =Q17*$D$17 -> 24240 | AG33: =R17*$D$17 -> 0 | AH33: =S17*$D$17 -> 96960 | ... AM33: =X17*$D$17 -> 0
K34: P10 | L34: =L11/$E$11 -> 0 | M34: =M11/$E$11 -> 0 | N34: =N11/$E$11 -> 0 | O34: =O11/$E$11 -> 0 | P34: =P11/$E$11 -> 0.23076923 | Q34: =Q11/$E$11 -> 0.26923077 | R34: =R11/$E$11 -> 0 | S34: =S11/$E$11 -> 0 | ... X34: =X11/$E$11 -> 0 | Z34: P17 | AA34: =L18*$D$18 -> 0 | AB34: =M18*$D$18 -> 0 | AC34: =N18*$D$18 -> 0 | AD34: =O18*$D$18 -> 0 | AE34: =P18*$D$18 -> 0 | AF34: =Q18*$D$18 -> 0 | AG34: =R18*$D$18 -> 0 | AH34: =S18*$D$18 -> 0 | ... AM34: =X18*$D$18 -> 32995.725
K35: P11 | L35: =L12/$E$12 -> 0 | M35: =M12/$E$12 -> 0 | N35: =N12/$E$12 -> 0 | O35: =O12/$E$12 -> 0 | P35: =P12/$E$12 -> 0.625 | Q35: =Q12/$E$12 -> 0 | R35: =R12/$E$12 -> 0.1875 | S35: =S12/$E$12 -> 0 | ... X35: =X12/$E$12 -> 0 | Z35: P18 | AA35: =L19*$D$19 -> 0 | AB35: =M19*$D$19 -> 0 | AC35: =N19*$D$19 -> 0 | AD35: =O19*$D$19 -> 0 | AE35: =P19*$D$19 -> 0 | AF35: =Q19*$D$19 -> 0 | AG35: =R19*$D$19 -> 0 | AH35: =S19*$D$19 -> 0 | ... AM35: =X19*$D$19 -> 82067.625
K36: P12 | L36: =L13/$E$13 -> 0 | M36: =M13/$E$13 -> 0 | N36: =N13/$E$13 -> 0 | O36: =O13/$E$13 -> 0 | P36: =P13/$E$13 -> 0.16666667 | Q36: =Q13/$E$13 -> 0.16666667 | R36: =R13/$E$13 -> 0.083333333 | S36: =S13/$E$13 -> 0 | ... X36: =X13/$E$13 -> 0 | Z36: P19 | AA36: =L20*$D$20 -> 0 | AB36: =M20*$D$20 -> 0 | AC36: =N20*$D$20 -> 0 | AD36: =O20*$D$20 -> 0 | AE36: =P20*$D$20 -> 0 | AF36: =Q20*$D$20 -> 0 | AG36: =R20*$D$20 -> 0 | AH36: =S20*$D$20 -> 0 | ... AM36: =X20*$D$20 -> 202416.88
K37: P13 | L37: =L14/$E$14 -> 0 | M37: =M14/$E$14 -> 0 | N37: =N14/$E$14 -> 0 | O37: =O14/$E$14 -> 0 | P37: =P14/$E$14 -> 0.16666667 | Q37: =Q14/$E$14 -> 0.3 | R37: =R14/$E$14 -> 0.1 | S37: =S14/$E$14 -> 0.26666667 | ... X37: =X14/$E$14 -> 0 | Z37: P20 | AA37: =L21*$D$21 -> 0 | AB37: =M21*$D$21 -> 0 | AC37: =N21*$D$21 -> 0 | AD37: =O21*$D$21 -> 0 | AE37: =P21*$D$21 -> 0 | AF37: =Q21*$D$21 -> 0 | AG37: =R21*$D$21 -> 0 | AH37: =S21*$D$21 -> 0 | ... AM37: =X21*$D$21 -> 71487.9
K38: P14 | L38: =L15/$E$15 -> 0 | M38: =M15/$E$15 -> 0 | N38: =N15/$E$15 -> 0 | O38: =O15/$E$15 -> 0 | P38: =P15/$E$15 -> 0.21052632 | Q38: =Q15/$E$15 -> 0.31578947 | R38: =R15/$E$15 -> 0.10526316 | S38: =S15/$E$15 -> 0.36842105 | ... X38: =X15/$E$15 -> 0 | Z38: Sum | AA38: =SUM(AA18:AA37) -> 80057.881 | AB38: =SUM(AB18:AB37) -> 245522.47 | AC38: =SUM(AC18:AC37) -> 63863.55 | AD38: =SUM(AD18:AD37) -> 351679.76 | AE38: =SUM(AE18:AE37) -> 160987.62 | AF38: =SUM(AF18:AF37) -> 185651.82 | AG38: =SUM(AG18:AG37) -> 65490.125 | AH38: =SUM(AH18:AH37) -> 236906.32 | ... AM38: =SUM(AM18:AM37) -> 388968.12
K39: P15 | L39: =L16/$E$16 -> 0 | M39: =M16/$E$16 -> 0 | N39: =N16/$E$16 -> 0 | O39: =O16/$E$16 -> 0 | P39: =P16/$E$16 -> 0.1 | Q39: =Q16/$E$16 -> 0.16666667 | R39: =R16/$E$16 -> 0.066666667 | S39: =S16/$E$16 -> 0.33333333 | ... X39: =X16/$E$16 -> 0 | Z39: Sum Capacity | AA39: =5*16*60*L78 -> 91200 | AB39: =5*16*60*M78 -> 278400 | AC39: =5*16*60*N78 -> 76800 | AD39: =5*16*60*O78 -> 403200 | AE39: =5*16*60*P78 -> 187200 | AF39: =5*16*60*Q78 -> 211200 | AG39: =5*16*60*R78 -> 76800 | AH39: =5*16*60*S78 -> 268800 | ... AM39: =5*16*60*X78 -> 441600
K40: P16 | L40: =L17/$E$17 -> 0 | M40: =M17/$E$17 -> 0 | N40: =N17/$E$17 -> 0 | O40: =O17/$E$17 -> 0 | P40: =P17/$E$17 -> 0 | Q40: =Q17/$E$17 -> 0.125 | R40: =R17/$E$17 -> 0 | S40: =S17/$E$17 -> 0.5 | ... X40: =X17/$E$17 -> 0 | Z40: Utilization | AA40: =AA38/AA39 -> 0.87782765 | AB40: =AB38/AB39 -> 0.88190542 | AC40: =AC38/AC39 -> 0.83155664 | AD40: =AD38/AD39 -> 0.87222163 | AE40: =AE38/AE39 -> 0.85997663 | AF40: =AF38/AF39 -> 0.87903323 | AG40: =AG38/AG39 -> 0.852736 | AH40: =AH38/AH39 -> 0.88134794 | ... AM40: =AM38/AM39 -> 0.8808155
K41: P17 | L41: =L18/$E$18 -> 0 | M41: =M18/$E$18 -> 0 | N41: =N18/$E$18 -> 0 | O41: =O18/$E$18 -> 0 | P41: =P18/$E$18 -> 0 | Q41: =Q18/$E$18 -> 0 | R41: =R18/$E$18 -> 0 | S41: =S18/$E$18 -> 0 | ... X41: =X18/$E$18 -> 0.48275862
K42: P18 | L42: =L19/$E$19 -> 0 | M42: =M19/$E$19 -> 0 | N42: =N19/$E$19 -> 0 | O42: =O19/$E$19 -> 0 | P42: =P19/$E$19 -> 0 | Q42: =Q19/$E$19 -> 0 | R42: =R19/$E$19 -> 0 | S42: =S19/$E$19 -> 0 | ... X42: =X19/$E$19 -> 0.6 | AK42: Overall utilization | AM42: =(SUM(AA38:AM38)/SUM(AA39:AM39)) -> 0.87465357
K43: P19 | L43: =L20/$E$20 -> 0 | M43: =M20/$E$20 -> 0 | N43: =N20/$E$20 -> 0 | O43: =O20/$E$20 -> 0 | P43: =P20/$E$20 -> 0 | Q43: =Q20/$E$20 -> 0 | R43: =R20/$E$20 -> 0 | S43: =S20/$E$20 -> 0 | ... X43: =X20/$E$20 -> 0.5952381
K44: P20 | L44: =L21/$E$21 -> 0 | M44: =M21/$E$21 -> 0 | N44: =N21/$E$21 -> 0 | O44: =O21/$E$21 -> 0 | P44: =P21/$E$21 -> 0 | Q44: =Q21/$E$21 -> 0 | R44: =R21/$E$21 -> 0 | S44: =S21/$E$21 -> 0 | ... X44: =X21/$E$21 -> 0.52173913
K47: Weekly_capacity_minutes | L47: A | M47: B | N47: C | O47: D | P47: E | Q47: F | R47: G | S47: H | T47: I | U47: J | V47: K | W47: L | X47: M | Z47: Part | AA47: Dimensions | AE47: Materials | AF47: Cost
K48: P1 | L48: =L25*$G$2 -> 39077.183 | M48: =M25*$G$2 -> 195385.91 | N48: =N25*$G$2 -> 19538.591 | O48: =O25*$G$2 -> 97692.956 | P48: =P25*$G$2 -> 0 | Q48: =Q25*$G$2 -> 0 | R48: =R25*$G$2 -> 0 | S48: =S25*$G$2 -> 0 | ... X48: =X25*$G$2 -> 0 | Z48: Identifier | AA48: X (in.) | AB48: Y (in.) | AC48: Z (in.) | AD48: Weight (lbs) | AE48: Price/unit | AF48: Material cost by part
K49: P2 | L49: =L26*$G$3 -> 28576.672 | M49: =M26*$G$3 -> 0 | N49: =N26*$G$3 -> 11430.669 | O49: =O26*$G$3 -> 57153.345 | P49: =P26*$G$3 -> 0 | Q49: =Q26*$G$3 -> 0 | R49: =R26*$G$3 -> 0 | S49: =S26*$G$3 -> 22861.338 | ... X49: =X26*$G$3 -> 0 | Z49: P1 | AA49: 2 | AB49: 6 | AC49: 6 | AD49: 2 | AE49: 12 | AF49: =AE49*D2 -> 413592.9
K50: P3 | L50: =L27*$G$4 -> 0 | M50: =M27*$G$4 -> 19771.23 | N50: =N27*$G$4 -> 8473.3843 | O50: =O27*$G$4 -> 33893.537 | P50: =P27*$G$4 -> 0 | Q50: =Q27*$G$4 -> 0 | R50: =R27*$G$4 -> 0 | S50: =S27*$G$4 -> 0 | ... X50: =X27*$G$4 -> 0 | Z50: P2 | AA50: 8 | AB50: 8 | AC50: 4 | AD50: 14 | AE50: 100 | AF50: =AE50*D3 -> 2016370
K51: P4 | L51: =L28*$G$5 -> 16866.44 | M51: =M28*$G$5 -> 33732.88 | N51: =N28*$G$5 -> 0 | O51: =O28*$G$5 -> 50599.32 | P51: =P28*$G$5 -> 0 | Q51: =Q28*$G$5 -> 0 | R51: =R28*$G$5 -> 4216.61 | S51: =S28*$G$5 -> 21083.05 | ... X51: =X28*$G$5 -> 0 | Z51: P3 | AA51: 6 | AB51: 6 | AC51: 6 | AD51: 6 | AE51: 50 | AF51: =AE51*D4 -> 498235
K52: P5 | L52: =L29*$G$6 -> 0 | M52: =M29*$G$6 -> 19066.327 | N52: =N29*$G$6 -> 9533.1633 | O52: =O29*$G$6 -> 44488.095 | P52: =P29*$G$6 -> 0 | Q52: =Q29*$G$6 -> 0 | R52: =R29*$G$6 -> 0 | S52: =S29*$G$6 -> 0 | ... X52: =X29*$G$6 -> 0 | Z52: P4 | AA52: 12 | AB52: 6 | AC52: 4 | AD52: 16 | AE52: 120 | AF52: =AE52*D5 -> 1785144
K53: P6 | L53: =L30*$G$7 -> 6248.2781 | M53: =M30*$G$7 -> 10413.797 | N53: =N30*$G$7 -> 4165.5187 | O53: =O30*$G$7 -> 24993.112 | P53: =P30*$G$7 -> 0 | Q53: =Q30*$G$7 -> 0 | R53: =R30*$G$7 -> 0 | S53: =S30*$G$7 -> 8331.0374 | ... X53: =X30*$G$7 -> 0 | Z53: P5 | AA53: 8 | AB53: 4 | AC53: 6 | AD53: 5 | AE53: 50 | AF53: =AE53*D6 -> 560550
K54: P7 | L54: =L31*$G$8 -> 0 | M54: =M31*$G$8 -> 0 | N54: =N31*$G$8 -> 19266.327 | O54: =O31*$G$8 -> 89909.524 | P54: =P31*$G$8 -> 25688.435 | Q54: =Q31*$G$8 -> 38532.653 | R54: =R31*$G$8 -> 0 | S54: =S31*$G$8 -> 0 | ... X54: =X31*$G$8 -> 0 | Z54: P6 | AA54: 2 | AB54: 8 | AC54: 6 | AD54: 3 | AE54: 15 | AF54: =AE54*D7 -> 110219.62
K55: P8 | L55: =L32*$G$9 -> 0 | M55: =M32*$G$9 -> 0 | N55: =N32*$G$9 -> 0 | O55: =O32*$G$9 -> 0 | P55: =P32*$G$9 -> 10388.889 | Q55: =Q32*$G$9 -> 0 | R55: =R32*$G$9 -> 0 | S55: =S32*$G$9 -> 16622.222 | ... X55: =X32*$G$9 -> 0 | Z55: P7 | AA55: 2 | AB55: 2 | AC55: 12 | AD55: 1 | AE55: 25 | AF55: =AE55*D8 -> 566430
K56: P9 | L56: =L33*$G$10 -> 0 | M56: =M33*$G$10 -> 0 | N56: =N33*$G$10 -> 0 | O56: =O33*$G$10 -> 0 | P56: =P33*$G$10 -> 20182.823 | Q56: =Q33*$G$10 -> 28255.952 | R56: =R33*$G$10 -> 20182.823 | S56: =S33*$G$10 -> 0 | ... X56: =X33*$G$10 -> 0 | Z56: P8 | AA56: 4 | AB56: 4 | AC56: 4 | AD56: 1 | AE56: 20 | AF56: =AE56*D9 -> 146608
K57: P10 | L57: =L34*$G$11 -> 0 | M57: =M34*$G$11 -> 0 | N57: =N34*$G$11 -> 0 | O57: =O34*$G$11 -> 0 | P57: =P34*$G$11 -> 13609.651 | Q57: =Q34*$G$11 -> 15877.927 | R57: =R34*$G$11 -> 0 | S57: =S34*$G$11 -> 0 | ... X57: =X34*$G$11 -> 0 | Z57: P9 | AA57: 2 | AB57: 4 | AC57: 12 | AD57: 2 | AE57: 40 | AF57: =AE57*D10 -> 569640
K58: P11 | L58: =L35*$G$12 -> 0 | M58: =M35*$G$12 -> 0 | N58: =N35*$G$12 -> 0 | O58: =O35*$G$12 -> 0 | P58: =P35*$G$12 -> 41655.187 | Q58: =Q35*$G$12 -> 0 | R58: =R35*$G$12 -> 12496.556 | S58: =S35*$G$12 -> 0 | ... X58: =X35*$G$12 -> 0 | Z58: P10 | AA58: 4 | AB58: 4 | AC58: 4 | AD58: 1 | AE58: 20 | AF58: =AE58*D11 -> 160049.5
K59: P12 | L59: =L36*$G$13 -> 0 | M59: =M36*$G$13 -> 0 | N59: =N36*$G$13 -> 0 | O59: =O36*$G$13 -> 0 | P59: =P36*$G$13 -> 21377.211 | Q59: =Q36*$G$13 -> 21377.211 | R59: =R36*$G$13 -> 10688.605 | S59: =S36*$G$13 -> 0 | ... X59: =X36*$G$13 -> 0 | Z59: P11 | AA59: 4 | AB59: 6 | AC59: 4 | AD59: 2 | AE59: 30 | AF59: =AE59*D12 -> 440878.5
K60: P13 | L60: =L37*$G$14 -> 0 | M60: =M37*$G$14 -> 0 | N60: =N37*$G$14 -> 0 | O60: =O37*$G$14 -> 0 | P60: =P37*$G$14 -> 13360.757 | Q60: =Q37*$G$14 -> 24049.362 | R60: =R37*$G$14 -> 8016.4541 | S60: =S37*$G$14 -> 21377.211 | ... X60: =X37*$G$14 -> 0 | Z60: P12 | AA60: 6 | AB60: 6 | AC60: 4 | AD60: 2 | AE60: 30 | AF60: =AE60*D13 -> 565641
K61: P14 | L61: =L38*$G$15 -> 0 | M61: =M38*$G$15 -> 0 | N61: =N38*$G$15 -> 0 | O61: =O38*$G$15 -> 0 | P61: =P38*$G$15 -> 33146.032 | Q61: =Q38*$G$15 -> 49719.048 | R61: =R38*$G$15 -> 16573.016 | S61: =S38*$G$15 -> 58005.556 | ... X61: =X38*$G$15 -> 0 | Z61: P13 | AA61: 2 | AB61: 2 | AC61: 12 | AD61: 1 | AE61: 25 | AF61: =AE61*D14 -> 235683.75
K62: P15 | L62: =L39*$G$16 -> 0 | M62: =M39*$G$16 -> 0 | N62: =N39*$G$16 -> 0 | O62: =O39*$G$16 -> 0 | P62: =P39*$G$16 -> 3116.6667 | Q62: =Q39*$G$16 -> 5194.4444 | R62: =R39*$G$16 -> 2077.7778 | S62: =S39*$G$16 -> 10388.889 | ... X62: =X39*$G$16 -> 0 | Z62: P14 | AA62: 2 | AB62: 4 | AC62: 6 | AD62: 1 | AE62: 20 | AF62: =AE62*D15 -> 584696
K63: P16 | L63: =L40*$G$17 -> 0 | M63: =M40*$G$17 -> 0 | N63: =N40*$G$17 -> 0 | O63: =O40*$G$17 -> 0 | P63: =P40*$G$17 -> 0 | Q63: =Q40*$G$17 -> 27482.993 | R63: =R40*$G$17 -> 0 | S63: =S40*$G$17 -> 109931.97 | ... X63: =X40*$G$17 -> 0 | Z63: P15 | AA63: 4 | AB63: 6 | AC63: 4 | AD63: 2 | AE63: 25 | AF63: =AE63*D16 -> 91630
K64: P17 | L64: =L41*$G$18 -> 0 | M64: =M41*$G$18 -> 0 | N64: =N41*$G$18 -> 0 | O64: =O41*$G$18 -> 0 | P64: =P41*$G$18 -> 0 | Q64: =Q41*$G$18 -> 0 | R64: =R41*$G$18 -> 0 | S64: =S41*$G$18 -> 0 | ... X64: =X41*$G$18 -> 37410.119 | Z64: P16 | AA64: 4 | AB64: 4 | AC64: 4 | AD64: 1 | AE64: 20 | AF64: =AE64*D17 -> 387840
K65: P18 | L65: =L42*$G$19 -> 0 | M65: =M42*$G$19 -> 0 | N65: =N42*$G$19 -> 0 | O65: =O42*$G$19 -> 0 | P65: =P42*$G$19 -> 0 | Q65: =Q42*$G$19 -> 0 | R65: =R42*$G$19 -> 0 | S65: =S42*$G$19 -> 0 | ... X65: =X42*$G$19 -> 93047.194 | Z65: P17 | AA65: 12 | AB65: 2 | AC65: 2 | AD65: 4 | AE65: 80 | AF65: =AE65*D18 -> 754188
K66: P19 | L66: =L43*$G$20 -> 0 | M66: =M43*$G$20 -> 0 | N66: =N43*$G$20 -> 0 | O66: =O43*$G$20 -> 0 | P66: =P43*$G$20 -> 0 | Q66: =Q43*$G$20 -> 0 | R66: =R43*$G$20 -> 0 | S66: =S43*$G$20 -> 0 | ... X66: =X43*$G$20 -> 229497.59 | Z66: P18 | AA66: 12 | AB66: 2 | AC66: 2 | AD66: 4 | AE66: 80 | AF66: =AE66*D19 -> 1750776
K67: P20 | L67: =L44*$G$21 -> 0 | M67: =M44*$G$21 -> 0 | N67: =N44*$G$21 -> 0 | O67: =O44*$G$21 -> 0 | P67: =P44*$G$21 -> 0 | Q67: =Q44*$G$21 -> 0 | R67: =R44*$G$21 -> 0 | S67: =S44*$G$21 -> 0 | ... X67: =X44*$G$21 -> 81052.041 | Z67: P19 | AA67: 12 | AB67: 2 | AC67: 2 | AD67: 4 | AE67: 80 | AF67: =AE67*D20 -> 2590936
Z68: P20 | AA68: 12 | AB68: 2 | AC68: 2 | AD68: 4 | AE68: 80 | AF68: =AE68*D21 -> 1906344
K69: SUM(minutes) | L69: =SUM(L48:L67) -> 90768.573 | M69: =SUM(M48:M67) -> 278370.15 | N69: =SUM(N48:N67) -> 72407.653 | O69: =SUM(O48:O67) -> 398729.89 | P69: =SUM(P48:P67) -> 182525.65 | Q69: =SUM(Q48:Q67) -> 210489.59 | R69: =SUM(R48:R67) -> 74251.842 | S69: =SUM(S48:S67) -> 268601.28 | ... X69: =SUM(X48:X67) -> 441006.94 | AC69: Weekly material cost | AF69: =SUM(AF49:AF68) -> 16135452
K70: Total Time(1 shift) | L70: =8*60*5 -> 2400 | M70: =8*60*5 -> 2400 | N70: =8*60*5 -> 2400 | O70: =8*60*5 -> 2400 | P70: =8*60*5 -> 2400 | Q70: =8*60*5 -> 2400 | R70: =8*60*5 -> 2400 | S70: =8*60*5 -> 2400 | ... X70: =8*60*5 -> 2400 | AC70: Yearly material cost | AF70: =AF69*49 -> 7.9063716e+08
K71: Total Time(2 shifts) | L71: =16*5*60 -> 4800 | M71: =16*5*60 -> 4800 | N71: =16*5*60 -> 4800 | O71: =16*5*60 -> 4800 | P71: =16*5*60 -> 4800 | Q71: =16*5*60 -> 4800 | R71: =16*5*60 -> 4800 | S71: =16*5*60 -> 4800 | ... X71: =16*5*60 -> 4800
K73: # of machines(1 shift) | L73: =L69/L70 -> 37.820239 | M73: =M69/M70 -> 115.98756 | N73: =N69/N70 -> 30.169855 | O73: =O69/O70 -> 166.13745 | P73: =P69/P70 -> 76.052355 | Q73: =Q69/Q70 -> 87.703996 | R73: =R69/R70 -> 30.938268 | S73: =S69/S70 -> 111.9172 | ... X73: =X69/X70 -> 183.75289
K74: # of machines(2 shift) | L74: =L69/L71 -> 18.910119 | M74: =M69/M71 -> 57.99378 | N74: =N69/N71 -> 15.084928 | O74: =O69/O71 -> 83.068727 | P74: =P69/P71 -> 38.026177 | Q74: =Q69/Q71 -> 43.851998 | R74: =R69/R71 -> 15.469134 | S74: =S69/S71 -> 55.958599 | ... X74: =X69/X71 -> 91.876447
K76: rounded ans | L76: A | M76: B | N76: C | O76: D | P76: E | Q76: F | R76: G | S76: H | T76: I | U76: J | V76: K | W76: L | X76: M
K77: # of machines(1 shift) | L77: =ROUNDUP(L73,0) -> 38 | M77: =ROUNDUP(M73,0) -> 116 | N77: =ROUNDUP(N73,0) -> 31 | O77: =ROUNDUP(O73,0) -> 167 | P77: =ROUNDUP(P73,0) -> 77 | Q77: =ROUNDUP(Q73,0) -> 88 | R77: =ROUNDUP(R73,0) -> 31 | S77: =ROUNDUP(S73,0) -> 112 | ... X77: =ROUNDUP(X73,0) -> 184 | Y77: Total
K78: # of machines(2 shift) | L78: =ROUNDUP(L74,0) -> 19 | M78: =ROUNDUP(M74,0) -> 58 | N78: =ROUNDUP(N74,0) -> 16 | O78: =ROUNDUP(O74,0) -> 84 | P78: =ROUNDUP(P74,0) -> 39 | Q78: =ROUNDUP(Q74,0) -> 44 | R78: =ROUNDUP(R74,0) -> 16 | S78: =ROUNDUP(S74,0) -> 56 | ... X78: =ROUNDUP(X74,0) -> 92 | Y78: =SUM(L78:X78) -> 639
K79: # of new machines | L79: =L78-'Y1(Task3)'!L78 -> 2 | M79: =M78-'Y1(Task3)'!M78 -> 6 | N79: =N78-'Y1(Task3)'!N78 -> 2 | O79: =O78-'Y1(Task3)'!O78 -> 11 | P79: =P78-'Y1(Task3)'!P78 -> 6 | Q79: =Q78-'Y1(Task3)'!Q78 -> 5 | R79: =R78-'Y1(Task3)'!R78 -> 2 | S79: =S78-'Y1(Task3)'!S78 -> 6 | ... Y79: =Y78-'Y1(Task3)'!Y78 -> 80
K81: inner size | L81: 7 | M81: 7 | N81: 7 | O81: 7 | P81: 6 | Q81: 6 | R81: 6 | S81: 5 | T81: 5 | U81: 5 | V81: 3 | W81: 3 | X81: 3
L82: 8 | M82: 8 | N82: 8 | O82: 8 | P82: 16 | Q82: 16 | R82: 16 | S82: 24 | T82: 24 | U82: 24 | V82: 6 | W82: 6 | X82: 6
K83: outer size | L83: 14 | M83: 14 | N83: 14 | O83: 14 | P83: 22 | Q83: 22 | R83: 22 | S83: 14 | T83: 14 | U83: 14 | V83: 14 | W83: 14 | X83: 14
L84: 14 | M84: 14 | N84: 14 | O84: 14 | P84: 15 | Q84: 15 | R84: 15 | S84: 36 | T84: 36 | U84: 36 | V84: 7 | W84: 7 | X84: 7
K86: Operators hourly cost/each machine | L86: =1*20+1/4*40 -> 30 | M86: =1*20+1/4*40 -> 30 | N86: =1*20+1/4*40 -> 30 | O86: =1*20+1/4*40 -> 30 | P86: =1*20+1/2*60 -> 50 | Q86: =1*20+1/2*60 -> 50 | R86: =1*20+1/2*60 -> 50 | S86: 120 | T86: 120 | U86: 120 | V86: 20 | W86: 20 | X86: 20
K87: Installed price | L87: 150000 | M87: 200000 | N87: 250000 | O87: 300000 | P87: 400000 | Q87: 400000 | R87: 400000 | S87: 1000000 | T87: 500000 | U87: 500000 | V87: 80000 | W87: 100000 | X87: 50000
K89: # of personnel/each machine | L89: A | M89: B | N89: C | O89: D | P89: E | Q89: F | R89: G | S89: H | T89: I | U89: J | V89: K | W89: L | X89: M
K90: C1 | L90: 1 | M90: 1 | N90: 1 | O90: 1 | P90: 1 | Q90: 1 | R90: 1 | S90: 0 | T90: 0 | U90: 0 | V90: 0 | W90: 0 | X90: 0
K91: C2 | L91: 0.25 | M91: 0.25 | N91: 0.25 | O91: 0.25 | P91: 0 | Q91: 0 | R91: 0 | S91: 0 | T91: 0 | U91: 0 | V91: 0.5 | W91: 0.5 | X91: 0.5
K92: C3 | L92: 0 | M92: 0 | N92: 0 | O92: 0 | P92: 0.5 | Q92: 0.5 | R92: 0.5 | S92: 2 | T92: 2 | U92: 2 | V92: 0 | W92: 0 | X92: 0
K94: Total working hours( 2 shifts, 49 weeks) | L94: =49*5*16 -> 3920 | M94: =49*5*16 -> 3920 | N94: =49*5*16 -> 3920 | O94: =49*5*16 -> 3920 | P94: =49*5*16 -> 3920 | Q94: =49*5*16 -> 3920 | R94: =49*5*16 -> 3920 | S94: =49*5*16 -> 3920 | ... X94: =49*5*16 -> 3920
K96: Total # of personnel | L96: A | M96: B | N96: C | O96: D | P96: E | Q96: F | R96: G | S96: H | T96: I | U96: J | V96: K | W96: L | X96: M | Y96: SUM
K97: C1 | L97: =ROUNDUP(L90*L78*2,0) -> 38 | M97: =ROUNDUP(M90*M78*2,0) -> 116 | N97: =ROUNDUP(N90*N78*2,0) -> 32 | O97: =ROUNDUP(O90*O78*2,0) -> 168 | P97: =ROUNDUP(P90*P78*2,0) -> 78 | Q97: =ROUNDUP(Q90*Q78*2,0) -> 88 | R97: =ROUNDUP(R90*R78*2,0) -> 32 | S97: =ROUNDUP(S90*S78*2,0) -> 0 | ... X97: =ROUNDUP(X90*X78*2,0) -> 0 | Y97: =SUM(L97:X97) -> 552
K98: C2 | L98: =ROUNDUP(L91*L78*2,0) -> 10 | M98: =ROUNDUP(M91*M78*2,0) -> 29 | N98: =ROUNDUP(N91*N78*2,0) -> 8 | O98: =ROUNDUP(O91*O78*2,0) -> 42 | P98: =ROUNDUP(P91*P78*2,0) -> 0 | Q98: =ROUNDUP(Q91*Q78*2,0) -> 0 | R98: =ROUNDUP(R91*R78*2,0) -> 0 | S98: =ROUNDUP(S91*S78*2,0) -> 0 | ... X98: =ROUNDUP(X91*X78*2,0) -> 92 | Y98: =SUM(L98:X98) -> 251
K99: C3 | L99: =ROUNDUP(L92*L78*2,0) -> 0 | M99: =ROUNDUP(M92*M78*2,0) -> 0 | N99: =ROUNDUP(N92*N78*2,0) -> 0 | O99: =ROUNDUP(O92*O78*2,0) -> 0 | P99: =ROUNDUP(P92*P78*2,0) -> 39 | Q99: =ROUNDUP(Q92*Q78*2,0) -> 44 | R99: =ROUNDUP(R92*R78*2,0) -> 16 | S99: =ROUNDUP(S92*S78*2,0) -> 224 | ... X99: =ROUNDUP(X92*X78*2,0) -> 0 | Y99: =SUM(L99:X99) -> 903
K100: Center-specific total | L100: =SUM(L97:L99) -> 48 | M100: =SUM(M97:M99) -> 145 | N100: =SUM(N97:N99) -> 40 | O100: =SUM(O97:O99) -> 210 | P100: =SUM(P97:P99) -> 117 | Q100: =SUM(Q97:Q99) -> 132 | R100: =SUM(R97:R99) -> 48 | S100: =SUM(S97:S99) -> 224 | ... Y100: =SUM(Y97:Y99) -> 1706
K103: Annual Installed fee | L103: =L78*L87/10 -> 285000 | M103: =M78*M87/10 -> 1160000 | N103: =N78*N87/10 -> 400000 | O103: =O78*O87/10 -> 2520000 | P103: =P78*P87/10 -> 1560000 | Q103: =Q78*Q87/10 -> 1760000 | R103: =R78*R87/10 -> 640000 | S103: =S78*S87/15 -> 3733333.3 | T103: =T78*T87/15 -> 1766666.7 | U103: =U78*U87/15 -> 3066666.7 | V103: =V78*V87/8 -> 130000 | W103: =W78*W87/8 -> 712500 | X103: =X78*X87/8 -> 575000
K104: Annual operator cost | L104: =L86*16*5*49*L78 -> 2234400 | M104: =M86*16*5*49*M78 -> 6820800 | N104: =N86*16*5*49*N78 -> 1881600 | O104: =O86*16*5*49*O78 -> 9878400 | P104: =P86*16*5*49*P78 -> 7644000 | Q104: =Q86*16*5*49*Q78 -> 8624000 | R104: =R86*16*5*49*R78 -> 3136000 | S104: =S86*16*5*49*S78 -> 26342400 | ... X104: =X86*16*5*49*X78 -> 7212800
K107: Total Installed cost | L107: =SUM(L103:X103) -> 18309167
K108: Total operator cost | L108: =SUM(L104:X104) -> 147470400
K109: Total Land Fee | L109: =882*344*250 -> 75852000
K110: Total Cost | L110: =SUM(L107:L109) -> 2.4163157e+08

Sheet Y3
A1: Part | B1: Annual_Demand_Mean_Units | C1: Weekly_Demand_StdDev_Units | D1: Weekly_Robust_Demand_99p5_Units | E1: Total_Minutes_Per_Unit | F1: Weekly_Robust_Net_Minutes | G1: Weekly_Robust_Gross_Minutes | K1: Time | L1: A | M1: B | N1: C | O1: D | P1: E | Q1: F | R1: G | S1: H | T1: I | U1: J | V1: K | W1: L | X1: M | Z1: Distance | AA1: A | AB1: B | AC1: C | AD1: D | AE1: E | AF1: F | AG1: G | AH1: H | AI1: I | AJ1: J | AK1: K | AL1: L | AM1: M
A2: P1 | B2: 1419600 | C2: 1958.0701 | D2: 35233.45 | E2: 12.75 | F2: 412381.59 | G2: 509327.08 | K2: P1 | L2: 1 | M2: 5 | N2: 0.5 | O2: 2.5 | P2: 0 | Q2: 0 | R2: 0 | S2: 0 | T2: 1.25 | U2: 2.5 | V2: 0 | W2: 0 | X2: 0 | Z2: A | AA2: 0 | AB2: 146 | AC2: 311 | AD2: 0 | AE2: 0 | AF2: 0 | AG2: 0 | AH2: 0 | AI2: 0 | AJ2: 0 | AK2: 0 | AL2: 0 | AM2: 0
A3: P2 | B3: 795600 | C3: 1153.3396 | D3: 19629.8 | E3: 7.75 | F3: 141598.75 | G3: 172484.07 | K3: P2 | L3: 1.25 | M3: 0 | N3: 0.5 | O3: 2.5 | P3: 0 | Q3: 0 | R3: 0 | S3: 1 | T3: 0 | U3: 2.5 | V3: 0 | W3: 0 | X3: 0 | Z3: B | AA3: 146 | AB3: 0 | AC3: 165 | AD3: 357 | AE3: 0 | AF3: 0 | AG3: 0 | AH3: 0 | AI3: 0 | AJ3: 0 | AK3: 0 | AL3: 0 | AM3: 0
A4: P3 | B4: 884000 | C4: 1181.7523 | D4: 11450.95 | E4: 9.5 | F4: 190417.93 | G4: 123337.9 | K4: P3 | L4: 0 | M4: 1.75 | N4: 0.75 | O4: 3 | P4: 0 | Q4: 0 | R4: 0 | S4: 0 | T4: 1.5 | U4: 2.5 | V4: 0 | W4: 0 | X4: 0 | Z4: C | AA4: 0 | AB4: 0 | AC4: 0 | AD4: 193 | AE4: 0 | AF4: 0 | AG4: 0 | AH4: 0 | AI4: =236+211 -> 447 | AJ4: 0 | AK4: 0 | AL4: 0 | AM4: 0
A5: P4 | B5: 546000 | C5: 941.86803 | D5: 15248.3 | E5: 7.5 | F5: 96945.685 | G5: 129662.41 | K5: P4 | L5: 1 | M5: 2 | N5: 0 | O5: 3 | P5: 0 | Q5: 0 | R5: 0.25 | S5: 1.25 | T5: 0 | U5: 0 | V5: 0 | W5: 0 | X5: 0 | Z5: D | AA5: 0 | AB5: 0 | AC5: 193 | AD5: 0 | AE5: 0 | AF5: 0 | AG5: 89 | AH5: =209+219 -> 428 | AI5: =428+209 -> 637 | AJ5: 0 | AK5: 0 | AL5: 0 | AM5: 0
A6: P5 | B6: 509600 | C6: 867.57842 | D6: 11059.5 | E6: 7.5 | F6: 90260.504 | G6: 94043.367 | K6: P5 | L6: 0 | M6: 1.5 | N6: 0.75 | O6: 3.5 | P6: 0 | Q6: 0 | R6: 0 | S6: 0 | T6: 1.75 | U6: 0 | V6: 0 | W6: 0 | X6: 0 | Z6: E | AA6: 0 | AB6: 0 | AC6: 0 | AD6: 0 | AE6: 0 | AF6: 282 | AG6: 485 | AH6: =633+131 -> 764 | AI6: 0 | AJ6: 0 | AK6: 0 | AL6: 0 | AM6: 0
A7: P6 | B7: 514800 | C7: 869.68164 | D7: 7810.2 | E7: 10.5 | F7: 127471.59 | G7: 92978.571 | K7: P6 | L7: 0.75 | M7: 1.25 | N7: 0.5 | O7: 3 | P7: 0 | Q7: 0 | R7: 0 | S7: 1 | T7: 1.25 | U7: 2.75 | V7: 0 | W7: 0 | X7: 0 | Z7: F | AA7: 0 | AB7: 0 | AC7: 89 | AD7: 0 | AE7: 0 | AF7: 0 | AG7: 202 | AH7: 350 | AI7: =287+123 -> 410 | AJ7: 0 | AK7: 0 | AL7: 0 | AM7: 0
A8: P7 | B8: 878800 | C8: 1453.1795 | D8: 21383.4 | E8: 10 | F8: 206431.42 | G8: 242442.18 | K8: P7 | L8: 0 | M8: 0 | N8: 0.75 | O8: 3.5 | P8: 1 | Q8: 1.5 | R8: 0 | S8: 0 | T8: 1.25 | U8: 2 | V8: 0 | W8: 0 | X8: 0 | Z8: G | AA8: 0 | AB8: 0 | AC8: 0 | AD8: 0 | AE8: =489 -> 489 | AF8: 202 | AG8: 0 | AH8: =148+131 -> 279 | AI8: =489+121 -> 610 | AJ8: 0 | AK8: 0 | AL8: 0 | AM8: 0
A9: P8 | B9: 826800 | C9: 1194.6193 | D9: 8377.6 | E9: 4.75 | F9: 90141.394 | G9: 45117.46 | K9: P8 | L9: 0 | M9: 0 | N9: 0 | O9: 0 | P9: 1.25 | Q9: 0 | R9: 0 | S9: 2 | T9: 1 | U9: 0.5 | V9: 0 | W9: 0 | X9: 0 | Z9: H | AA9: 0 | AB9: 0 | AC9: 0 | AD9: 0 | AE9: 0 | AF9: 0 | AG9: 0 | AH9: 0 | AI9: =636 -> 636 | AJ9: =317 -> 317 | AK9: 0 | AL9: 0 | AM9: 0
A10: P9 | B10: 639600 | C10: 969.63514 | D10: 13332 | E10: 8.5 | F10: 125779.72 | G10: 128482.99 | K10: P9 | L10: 0 | M10: 0 | N10: 0 | O10: 0 | P10: 1.25 | Q10: 1.75 | R10: 1.25 | S10: 0 | T10: 1.25 | U10: 3 | V10: 0 | W10: 0 | X10: 0 | Z10: I | AA10: 0 | AB10: 0 | AC10: 0 | AD10: 0 | AE10: 0 | AF10: 0 | AG10: 0 | AH10: 0 | AI10: 0 | AJ10: =319 -> 319 | AK10: 0 | AL10: 0 | AM10: 0
A11: P10 | B11: 374400 | C11: 530.96429 | D11: 8151.4 | E11: 6.5 | F11: 55689.877 | G11: 60072.676 | K11: P10 | L11: 0 | M11: 0 | N11: 0 | O11: 0 | P11: 1.5 | Q11: 1.75 | R11: 0 | S11: 0 | T11: 1.25 | U11: 2 | V11: 0 | W11: 0 | X11: 0 | Z11: J | AA11: 0 | AB11: 0 | AC11: 0 | AD11: 0 | AE11: 0 | AF11: 0 | AG11: 0 | AH11: 0 | AI11: 319 | AJ11: 0 | AK11: 0 | AL11: 0 | AM11: 0
A12: P11 | B12: 977600 | C12: 1495.6347 | D12: 15620.4 | E12: 4 | F12: 90609.998 | G12: 70840.816 | K12: P11 | L12: 0 | M12: 0 | N12: 0 | O12: 0 | P12: 2.5 | Q12: 0 | R12: 0.75 | S12: 0 | T12: 0.75 | U12: 0 | V12: 0 | W12: 0 | X12: 0 | Z12: K | AA12: 0 | AB12: 0 | AC12: 0 | AD12: 0 | AE12: 0 | AF12: 0 | AG12: 0 | AH12: 0 | AI12: 0 | AJ12: 0 | AK12: 0 | AL12: 85.5 | AM12: 95
A13: P12 | B13: 1128400 | C13: 1580.2264 | D13: 18947.4 | E13: 6 | F13: 154622.36 | G13: 128893.88 | K13: P12 | L13: 0 | M13: 0 | N13: 0 | O13: 0 | P13: 1 | Q13: 1 | R13: 0.5 | S13: 0 | T13: 1.25 | U13: 2.25 | V13: 0 | W13: 0 | X13: 0 | Z13: L | AA13: 0 | AB13: 0 | AC13: 0 | AD13: 0 | AE13: 0 | AF13: 0 | AG13: 0 | AH13: 0 | AI13: 0 | AJ13: 0 | AK13: 85.5 | AL13: 0 | AM13: =85.5+95 -> 180.5
A14: P13 | B14: 551200 | C14: 801.44101 | D14: 9473.7 | E14: 7.5 | F14: 94982.814 | G14: 80558.673 | K14: P13 | L14: 0 | M14: 0 | N14: 0 | O14: 0 | P14: 1.25 | Q14: 2.25 | R14: 0.75 | S14: 2 | T14: 1.25 | U14: 0 | V14: 0 | W14: 0 | X14: 0 | Z14: M | AA14: 0 | AB14: 0 | AC14: 0 | AD14: 0 | AE14: 0 | AF14: 0 | AG14: 0 | AH14: 0 | AI14: 0 | AJ14: 0 | AK14: 0 | AL14: =180.5 -> 180.5 | AM14: 0
A15: P14 | B15: 1310400 | C15: 1602.402 | D15: 28212.5 | E15: 4.75 | F15: 139305.69 | G15: 151938.07 | K15: P14 | L15: 0 | M15: 0 | N15: 0 | O15: 0 | P15: 1 | Q15: 1.5 | R15: 0.5 | S15: 1.75 | T15: 0 | U15: 0 | V15: 0 | W15: 0 | X15: 0
A16: P15 | B16: 400400 | C16: 642.8602 | D16: 4188.8 | E16: 7.5 | F16: 70169.236 | G16: 35619.048 | K16: P15 | L16: 0 | M16: 0 | N16: 0 | O16: 0 | P16: 0.75 | Q16: 1.25 | R16: 0.5 | S16: 2.5 | T16: 0 | U16: 2.5 | V16: 0 | W16: 0 | X16: 0
A17: P16 | B17: 681200 | C17: 1622.0239 | D17: 19846.5 | E17: 10 | F17: 172780.57 | G17: 225017.01 | K17: P16 | L17: 0 | M17: 0 | N17: 0 | O17: 0 | P17: 0 | Q17: 1.25 | R17: 0 | S17: 5 | T17: 1.25 | U17: 2.5 | V17: 0 | W17: 0 | X17: 0 | Z17: Capacity | AA17: A | AB17: B | AC17: C | AD17: D | AE17: E | AF17: F | AG17: G | AH17: H | AI17: I | AJ17: J | AK17: K | AL17: L | AM17: M
A18: P17 | B18: 681200 | C18: 862.13063 | D18: 9473.7 | E18: 7.25 | F18: 111075.08 | G18: 77873.384 | K18: P17 | L18: 0 | M18: 0 | N18: 0 | O18: 0 | P18: 0 | Q18: 0 | R18: 0 | S18: 0 | T18: 0 | U18: 0 | V18: 0.75 | W18: 3 | X18: 3.5 | Z18: P1 | AA18: =L2*$D$2 -> 35233.45 | AB18: =M2*$D$2 -> 176167.25 | AC18: =N2*$D$2 -> 17616.725 | AD18: =O2*$D$2 -> 88083.625 | AE18: =P2*$D$2 -> 0 | AF18: =Q2*$D$2 -> 0 | AG18: =R2*$D$2 -> 0 | AH18: =S2*$D$2 -> 0 | ... AM18: =X2*$D$2 -> 0
A19: P18 | B19: 998400 | C19: 1435.136 | D19: 21219.9 | E19: 6.25 | F19: 143104.16 | G19: 150367.77 | K19: P18 | L19: 0 | M19: 0 | N19: 0 | O19: 0 | P19: 0 | Q19: 0 | R19: 0 | S19: 0 | T19: 0 | U19: 0 | V19: 1.25 | W19: 1.25 | X19: 3.75 | Z19: P2 | AA19: =L3*$D$3 -> 24537.25 | AB19: =M3*$D$3 -> 0 | AC19: =N3*$D$3 -> 9814.9 | AD19: =O3*$D$3 -> 49074.5 | AE19: =P3*$D$3 -> 0 | AF19: =Q3*$D$3 -> 0 | AG19: =R3*$D$3 -> 0 | AH19: =S3*$D$3 -> 19629.8 | ... AM19: =X3*$D$3 -> 0
A20: P19 | B20: 1435200 | C20: 2005.6651 | D20: 33569.95 | E20: 10.5 | F20: 344045.63 | G20: 399642.26 | K20: P19 | L20: 0 | M20: 0 | N20: 0 | O20: 0 | P20: 0 | Q20: 0 | R20: 0 | S20: 0 | T20: 0 | U20: 0 | V20: 0 | W20: 4.25 | X20: 6.25 | Z20: P3 | AA20: =L4*$D$4 -> 0 | AB20: =M4*$D$4 -> 20039.163 | AC20: =N4*$D$4 -> 8588.2125 | AD20: =O4*$D$4 -> 34352.85 | AE20: =P4*$D$4 -> 0 | AF20: =Q4*$D$4 -> 0 | AG20: =R4*$D$4 -> 0 | AH20: =S4*$D$4 -> 0 | ... AM20: =X4*$D$4 -> 0
A21: P20 | B21: 1170000 | C21: 1662.5398 | D21: 24008.7 | E21: 5.75 | F21: 153998.91 | G21: 156519.3 | K21: P20 | L21: 0 | M21: 0 | N21: 0 | O21: 0 | P21: 0 | Q21: 0 | R21: 0 | S21: 0 | T21: 0 | U21: 0 | V21: 0.75 | W21: 2 | X21: 3 | Z21: P4 | AA21: =L5*$D$5 -> 15248.3 | AB21: =M5*$D$5 -> 30496.6 | AC21: =N5*$D$5 -> 0 | AD21: =O5*$D$5 -> 45744.9 | AE21: =P5*$D$5 -> 0 | AF21: =Q5*$D$5 -> 0 | AG21: =R5*$D$5 -> 3812.075 | AH21: =S5*$D$5 -> 19060.375 | ... AM21: =X5*$D$5 -> 0
D22: =SUM(D2:D21) -> 336238.15 | Z22: P5 | AA22: =L6*$D$6 -> 0 | AB22: =M6*$D$6 -> 16589.25 | AC22: =N6*$D$6 -> 8294.625 | AD22: =O6*$D$6 -> 38708.25 | AE22: =P6*$D$6 -> 0 | AF22: =Q6*$D$6 -> 0 | AG22: =R6*$D$6 -> 0 | AH22: =S6*$D$6 -> 0 | ... AM22: =X6*$D$6 -> 0
Z23: P6 | AA23: =L7*$D$7 -> 5857.65 | AB23: =M7*$D$7 -> 9762.75 | AC23: =N7*$D$7 -> 3905.1 | AD23: =O7*$D$7 -> 23430.6 | AE23: =P7*$D$7 -> 0 | AF23: =Q7*$D$7 -> 0 | AG23: =R7*$D$7 -> 0 | AH23: =S7*$D$7 -> 7810.2 | ... AM23: =X7*$D$7 -> 0
K24: Proportion | L24: A | M24: B | N24: C | O24: D | P24: E | Q24: F | R24: G | S24: H | T24: I | U24: J | V24: K | W24: L | X24: M | Z24: P7 | AA24: =L8*$D$8 -> 0 | AB24: =M8*$D$8 -> 0 | AC24: =N8*$D$8 -> 16037.55 | AD24: =O8*$D$8 -> 74841.9 | AE24: =P8*$D$8 -> 21383.4 | AF24: =Q8*$D$8 -> 32075.1 | AG24: =R8*$D$8 -> 0 | AH24: =S8*$D$8 -> 0 | ... AM24: =X8*$D$8 -> 0
K25: P1 | L25: =L2/$E$2 -> 0.078431373 | M25: =M2/$E$2 -> 0.39215686 | N25: =N2/$E$2 -> 0.039215686 | O25: =O2/$E$2 -> 0.19607843 | P25: =P2/$E$2 -> 0 | Q25: =Q2/$E$2 -> 0 | R25: =R2/$E$2 -> 0 | S25: =S2/$E$2 -> 0 | ... X25: =X2/$E$2 -> 0 | Z25: P8 | AA25: =L9*$D$9 -> 0 | AB25: =M9*$D$9 -> 0 | AC25: =N9*$D$9 -> 0 | AD25: =O9*$D$9 -> 0 | AE25: =P9*$D$9 -> 10472 | AF25: =Q9*$D$9 -> 0 | AG25: =R9*$D$9 -> 0 | AH25: =S9*$D$9 -> 16755.2 | ... AM25: =X9*$D$9 -> 0
K26: P2 | L26: =L3/$E$3 -> 0.16129032 | M26: =M3/$E$3 -> 0 | N26: =N3/$E$3 -> 0.064516129 | O26: =O3/$E$3 -> 0.32258065 | P26: =P3/$E$3 -> 0 | Q26: =Q3/$E$3 -> 0 | R26: =R3/$E$3 -> 0 | S26: =S3/$E$3 -> 0.12903226 | ... X26: =X3/$E$3 -> 0 | Z26: P9 | AA26: =L10*$D$10 -> 0 | AB26: =M10*$D$10 -> 0 | AC26: =N10*$D$10 -> 0 | AD26: =O10*$D$10 -> 0 | AE26: =P10*$D$10 -> 16665 | AF26: =Q10*$D$10 -> 23331 | AG26: =R10*$D$10 -> 16665 | AH26: =S10*$D$10 -> 0 | ... AM26: =X10*$D$10 -> 0
K27: P3 | L27: =L4/$E$4 -> 0 | M27: =M4/$E$4 -> 0.18421053 | N27: =N4/$E$4 -> 0.078947368 | O27: =O4/$E$4 -> 0.31578947 | P27: =P4/$E$4 -> 0 | Q27: =Q4/$E$4 -> 0 | R27: =R4/$E$4 -> 0 | S27: =S4/$E$4 -> 0 | ... X27: =X4/$E$4 -> 0 | Z27: P10 | AA27: =L11*$D$11 -> 0 | AB27: =M11*$D$11 -> 0 | AC27: =N11*$D$11 -> 0 | AD27: =O11*$D$11 -> 0 | AE27: =P11*$D$11 -> 12227.1 | AF27: =Q11*$D$11 -> 14264.95 | AG27: =R11*$D$11 -> 0 | AH27: =S11*$D$11 -> 0 | ... AM27: =X11*$D$11 -> 0
K28: P4 | L28: =L5/$E$5 -> 0.13333333 | M28: =M5/$E$5 -> 0.26666667 | N28: =N5/$E$5 -> 0 | O28: =O5/$E$5 -> 0.4 | P28: =P5/$E$5 -> 0 | Q28: =Q5/$E$5 -> 0 | R28: =R5/$E$5 -> 0.033333333 | S28: =S5/$E$5 -> 0.16666667 | ... X28: =X5/$E$5 -> 0 | Z28: P11 | AA28: =L12*$D$12 -> 0 | AB28: =M12*$D$12 -> 0 | AC28: =N12*$D$12 -> 0 | AD28: =O12*$D$12 -> 0 | AE28: =P12*$D$12 -> 39051 | AF28: =Q12*$D$12 -> 0 | AG28: =R12*$D$12 -> 11715.3 | AH28: =S12*$D$12 -> 0 | ... AM28: =X12*$D$12 -> 0
K29: P5 | L29: =L6/$E$6 -> 0 | M29: =M6/$E$6 -> 0.2 | N29: =N6/$E$6 -> 0.1 | O29: =O6/$E$6 -> 0.46666667 | P29: =P6/$E$6 -> 0 | Q29: =Q6/$E$6 -> 0 | R29: =R6/$E$6 -> 0 | S29: =S6/$E$6 -> 0 | ... X29: =X6/$E$6 -> 0 | Z29: P12 | AA29: =L13*$D$13 -> 0 | AB29: =M13*$D$13 -> 0 | AC29: =N13*$D$13 -> 0 | AD29: =O13*$D$13 -> 0 | AE29: =P13*$D$13 -> 18947.4 | AF29: =Q13*$D$13 -> 18947.4 | AG29: =R13*$D$13 -> 9473.7 | AH29: =S13*$D$13 -> 0 | ... AM29: =X13*$D$13 -> 0
K30: P6 | L30: =L7/$E$7 -> 0.071428571 | M30: =M7/$E$7 -> 0.11904762 | N30: =N7/$E$7 -> 0.047619048 | O30: =O7/$E$7 -> 0.28571429 | P30: =P7/$E$7 -> 0 | Q30: =Q7/$E$7 -> 0 | R30: =R7/$E$7 -> 0 | S30: =S7/$E$7 -> 0.095238095 | ... X30: =X7/$E$7 -> 0 | Z30: P13 | AA30: =L14*$D$14 -> 0 | AB30: =M14*$D$14 -> 0 | AC30: =N14*$D$14 -> 0 | AD30: =O14*$D$14 -> 0 | AE30: =P14*$D$14 -> 11842.125 | AF30: =Q14*$D$14 -> 21315.825 | AG30: =R14*$D$14 -> 7105.275 | AH30: =S14*$D$14 -> 18947.4 | ... AM30: =X14*$D$14 -> 0
K31: P7 | L31: =L8/$E$8 -> 0 | M31: =M8/$E$8 -> 0 | N31: =N8/$E$8 -> 0.075 | O31: =O8/$E$8 -> 0.35 | P31: =P8/$E$8 -> 0.1 | Q31: =Q8/$E$8 -> 0.15 | R31: =R8/$E$8 -> 0 | S31: =S8/$E$8 -> 0 | ... X31: =X8/$E$8 -> 0 | Z31: P14 | AA31: =L15*$D$15 -> 0 | AB31: =M15*$D$15 -> 0 | AC31: =N15*$D$15 -> 0 | AD31: =O15*$D$15 -> 0 | AE31: =P15*$D$15 -> 28212.5 | AF31: =Q15*$D$15 -> 42318.75 | AG31: =R15*$D$15 -> 14106.25 | AH31: =S15*$D$15 -> 49371.875 | ... AM31: =X15*$D$15 -> 0
K32: P8 | L32: =L9/$E$9 -> 0 | M32: =M9/$E$9 -> 0 | N32: =N9/$E$9 -> 0 | O32: =O9/$E$9 -> 0 | P32: =P9/$E$9 -> 0.26315789 | Q32: =Q9/$E$9 -> 0 | R32: =R9/$E$9 -> 0 | S32: =S9/$E$9 -> 0.42105263 | ... X32: =X9/$E$9 -> 0 | Z32: P15 | AA32: =L16*$D$16 -> 0 | AB32: =M16*$D$16 -> 0 | AC32: =N16*$D$16 -> 0 | AD32: =O16*$D$16 -> 0 | AE32: =P16*$D$16 -> 3141.6 | AF32: =Q16*$D$16 -> 5236 | AG32: =R16*$D$16 -> 2094.4 | AH32: =S16*$D$16 -> 10472 | ... AM32: =X16*$D$16 -> 0
K33: P9 | L33: =L10/$E$10 -> 0 | M33: =M10/$E$10 -> 0 | N33: =N10/$E$10 -> 0 | O33: =O10/$E$10 -> 0 | P33: =P10/$E$10 -> 0.14705882 | Q33: =Q10/$E$10 -> 0.20588235 | R33: =R10/$E$10 -> 0.14705882 | S33: =S10/$E$10 -> 0 | ... X33: =X10/$E$10 -> 0 | Z33: P16 | AA33: =L17*$D$17 -> 0 | AB33: =M17*$D$17 -> 0 | AC33: =N17*$D$17 -> 0 | AD33: =O17*$D$17 -> 0 | AE33: =P17*$D$17 -> 0 | AF33: =Q17*$D$17 -> 24808.125 | AG33: =R17*$D$17 -> 0 | AH33: =S17*$D$17 -> 99232.5 | ... AM33: =X17*$D$17 -> 0
K34: P10 | L34: =L11/$E$11 -> 0 | M34: =M11/$E$11 -> 0 | N34: =N11/$E$11 -> 0 | O34: =O11/$E$11 -> 0 | P34: =P11/$E$11 -> 0.23076923 | Q34: =Q11/$E$11 -> 0.26923077 | R34: =R11/$E$11 -> 0 | S34: =S11/$E$11 -> 0 | ... X34: =X11/$E$11 -> 0 | Z34: P17 | AA34: =L18*$D$18 -> 0 | AB34: =M18*$D$18 -> 0 | AC34: =N18*$D$18 -> 0 | AD34: =O18*$D$18 -> 0 | AE34: =P18*$D$18 -> 0 | AF34: =Q18*$D$18 -> 0 | AG34: =R18*$D$18 -> 0 | AH34: =S18*$D$18 -> 0 | ... AM34: =X18*$D$18 -> 33157.95
K35: P11 | L35: =L12/$E$12 -> 0 | M35: =M12/$E$12 -> 0 | N35: =N12/$E$12 -> 0 | O35: =O12/$E$12 -> 0 | P35: =P12/$E$12 -> 0.625 | Q35: =Q12/$E$12 -> 0 | R35: =R12/$E$12 -> 0.1875 | S35: =S12/$E$12 -> 0 | ... X35: =X12/$E$12 -> 0 | Z35: P18 | AA35: =L19*$D$19 -> 0 | AB35: =M19*$D$19 -> 0 | AC35: =N19*$D$19 -> 0 | AD35: =O19*$D$19 -> 0 | AE35: =P19*$D$19 -> 0 | AF35: =Q19*$D$19 -> 0 | AG35: =R19*$D$19 -> 0 | AH35: =S19*$D$19 -> 0 | ... AM35: =X19*$D$19 -> 79574.625
K36: P12 | L36: =L13/$E$13 -> 0 | M36: =M13/$E$13 -> 0 | N36: =N13/$E$13 -> 0 | O36: =O13/$E$13 -> 0 | P36: =P13/$E$13 -> 0.16666667 | Q36: =Q13/$E$13 -> 0.16666667 | R36: =R13/$E$13 -> 0.083333333 | S36: =S13/$E$13 -> 0 | ... X36: =X13/$E$13 -> 0 | Z36: P19 | AA36: =L20*$D$20 -> 0 | AB36: =M20*$D$20 -> 0 | AC36: =N20*$D$20 -> 0 | AD36: =O20*$D$20 -> 0 | AE36: =P20*$D$20 -> 0 | AF36: =Q20*$D$20 -> 0 | AG36: =R20*$D$20 -> 0 | AH36: =S20*$D$20 -> 0 | ... AM36: =X20*$D$20 -> 209812.19
K37: P13 | L37: =L14/$E$14 -> 0 | M37: =M14/$E$14 -> 0 | N37: =N14/$E$14 -> 0 | O37: =O14/$E$14 -> 0 | P37: =P14/$E$14 -> 0.16666667 | Q37: =Q14/$E$14 -> 0.3 | R37: =R14/$E$14 -> 0.1 | S37: =S14/$E$14 -> 0.26666667 | ... X37: =X14/$E$14 -> 0 | Z37: P20 | AA37: =L21*$D$21 -> 0 | AB37: =M21*$D$21 -> 0 | AC37: =N21*$D$21 -> 0 | AD37: =O21*$D$21 -> 0 | AE37: =P21*$D$21 -> 0 | AF37: =Q21*$D$21 -> 0 | AG37: =R21*$D$21 -> 0 | AH37: =S21*$D$21 -> 0 | ... AM37: =X21*$D$21 -> 72026.1
K38: P14 | L38: =L15/$E$15 -> 0 | M38: =M15/$E$15 -> 0 | N38: =N15/$E$15 -> 0 | O38: =O15/$E$15 -> 0 | P38: =P15/$E$15 -> 0.21052632 | Q38: =Q15/$E$15 -> 0.31578947 | R38: =R15/$E$15 -> 0.10526316 | S38: =S15/$E$15 -> 0.36842105 | ... X38: =X15/$E$15 -> 0 | Z38: Sum | AA38: =SUM(AA18:AA37) -> 80876.65 | AB38: =SUM(AB18:AB37) -> 253055.01 | AC38: =SUM(AC18:AC37) -> 64257.113 | AD38: =SUM(AD18:AD37) -> 354236.62 | AE38: =SUM(AE18:AE37) -> 161942.12 | AF38: =SUM(AF18:AF37) -> 182297.15 | AG38: =SUM(AG18:AG37) -> 64972 | AH38: =SUM(AH18:AH37) -> 241279.35 | ... AM38: =SUM(AM18:AM37) -> 394570.86
K39: P15 | L39: =L16/$E$16 -> 0 | M39: =M16/$E$16 -> 0 | N39: =N16/$E$16 -> 0 | O39: =O16/$E$16 -> 0 | P39: =P16/$E$16 -> 0.1 | Q39: =Q16/$E$16 -> 0.16666667 | R39: =R16/$E$16 -> 0.066666667 | S39: =S16/$E$16 -> 0.33333333 | ... X39: =X16/$E$16 -> 0 | Z39: Sum Capacity | AA39: =5*16*60*L78 -> 96000 | AB39: =5*16*60*M78 -> 288000 | AC39: =5*16*60*N78 -> 76800 | AD39: =5*16*60*O78 -> 403200 | AE39: =5*16*60*P78 -> 187200 | AF39: =5*16*60*Q78 -> 211200 | AG39: =5*16*60*R78 -> 76800 | AH39: =5*16*60*S78 -> 273600 | ... AM39: =5*16*60*X78 -> 451200
K40: P16 | L40: =L17/$E$17 -> 0 | M40: =M17/$E$17 -> 0 | N40: =N17/$E$17 -> 0 | O40: =O17/$E$17 -> 0 | P40: =P17/$E$17 -> 0 | Q40: =Q17/$E$17 -> 0.125 | R40: =R17/$E$17 -> 0 | S40: =S17/$E$17 -> 0.5 | ... X40: =X17/$E$17 -> 0 | Z40: Utilization | AA40: =AA38/AA39 -> 0.8424651 | AB40: =AB38/AB39 -> 0.87866324 | AC40: =AC38/AC39 -> 0.83668115 | AD40: =AD38/AD39 -> 0.87856306 | AE40: =AE38/AE39 -> 0.86507545 | AF40: =AF38/AF39 -> 0.86314938 | AG40: =AG38/AG39 -> 0.84598958 | AH40: =AH38/AH39 -> 0.88186897 | ... AM40: =AM38/AM39 -> 0.87449216
K41: P17 | L41: =L18/$E$18 -> 0 | M41: =M18/$E$18 -> 0 | N41: =N18/$E$18 -> 0 | O41: =O18/$E$18 -> 0 | P41: =P18/$E$18 -> 0 | Q41: =Q18/$E$18 -> 0 | R41: =R18/$E$18 -> 0 | S41: =S18/$E$18 -> 0 | ... X41: =X18/$E$18 -> 0.48275862
K42: P18 | L42: =L19/$E$19 -> 0 | M42: =M19/$E$19 -> 0 | N42: =N19/$E$19 -> 0 | O42: =O19/$E$19 -> 0 | P42: =P19/$E$19 -> 0 | Q42: =Q19/$E$19 -> 0 | R42: =R19/$E$19 -> 0 | S42: =S19/$E$19 -> 0 | ... X42: =X19/$E$19 -> 0.6 | AK42: Overall utilization | AM42: =(SUM(AA38:AM38)/SUM(AA39:AM39)) -> 0.87202388
K43: P19 | L43: =L20/$E$20 -> 0 | M43: =M20/$E$20 -> 0 | N43: =N20/$E$20 -> 0 | O43: =O20/$E$20 -> 0 | P43: =P20/$E$20 -> 0 | Q43: =Q20/$E$20 -> 0 | R43: =R20/$E$20 -> 0 | S43: =S20/$E$20 -> 0 | ... X43: =X20/$E$20 -> 0.5952381
K44: P20 | L44: =L21/$E$21 -> 0 | M44: =M21/$E$21 -> 0 | N44: =N21/$E$21 -> 0 | O44: =O21/$E$21 -> 0 | P44: =P21/$E$21 -> 0 | Q44: =Q21/$E$21 -> 0 | R44: =R21/$E$21 -> 0 | S44: =S21/$E$21 -> 0 | ... X44: =X21/$E$21 -> 0.52173913
K47: Weekly_capacity_minutes | L47: A | M47: B | N47: C | O47: D | P47: E | Q47: F | R47: G | S47: H | T47: I | U47: J | V47: K | W47: L | X47: M | Z47: Part | AA47: Dimensions | AE47: Materials
K48: P1 | L48: =L25*$G$2 -> 39947.222 | M48: =M25*$G$2 -> 199736.11 | N48: =N25*$G$2 -> 19973.611 | O48: =O25*$G$2 -> 99868.056 | P48: =P25*$G$2 -> 0 | Q48: =Q25*$G$2 -> 0 | R48: =R25*$G$2 -> 0 | S48: =S25*$G$2 -> 0 | ... X48: =X25*$G$2 -> 0 | Z48: Identifier | AA48: X (in.) | AB48: Y (in.) | AC48: Z (in.) | AD48: Weight (lbs) | AE48: Price/unit
K49: P2 | L49: =L26*$G$3 -> 27820.011 | M49: =M26*$G$3 -> 0 | N49: =N26*$G$3 -> 11128.005 | O49: =O26*$G$3 -> 55640.023 | P49: =P26*$G$3 -> 0 | Q49: =Q26*$G$3 -> 0 | R49: =R26*$G$3 -> 0 | S49: =S26*$G$3 -> 22256.009 | ... X49: =X26*$G$3 -> 0 | Z49: P1 | AA49: 2 | AB49: 6 | AC49: 6 | AD49: 2 | AE49: 12 | AF49: =AE49*D2 -> 422801.4
K50: P3 | L50: =L27*$G$4 -> 0 | M50: =M27*$G$4 -> 22720.139 | N50: =N27*$G$4 -> 9737.2024 | O50: =O27*$G$4 -> 38948.81 | P50: =P27*$G$4 -> 0 | Q50: =Q27*$G$4 -> 0 | R50: =R27*$G$4 -> 0 | S50: =S27*$G$4 -> 0 | ... X50: =X27*$G$4 -> 0 | Z50: P2 | AA50: 8 | AB50: 8 | AC50: 4 | AD50: 14 | AE50: 100 | AF50: =AE50*D3 -> 1962980
K51: P4 | L51: =L28*$G$5 -> 17288.322 | M51: =M28*$G$5 -> 34576.644 | N51: =N28*$G$5 -> 0 | O51: =O28*$G$5 -> 51864.966 | P51: =P28*$G$5 -> 0 | Q51: =Q28*$G$5 -> 0 | R51: =R28*$G$5 -> 4322.0805 | S51: =S28*$G$5 -> 21610.402 | ... X51: =X28*$G$5 -> 0 | Z51: P3 | AA51: 6 | AB51: 6 | AC51: 6 | AD51: 6 | AE51: 50 | AF51: =AE51*D4 -> 572547.5
K52: P5 | L52: =L29*$G$6 -> 0 | M52: =M29*$G$6 -> 18808.673 | N52: =N29*$G$6 -> 9404.3367 | O52: =O29*$G$6 -> 43886.905 | P52: =P29*$G$6 -> 0 | Q52: =Q29*$G$6 -> 0 | R52: =R29*$G$6 -> 0 | S52: =S29*$G$6 -> 0 | ... X52: =X29*$G$6 -> 0 | Z52: P4 | AA52: 12 | AB52: 6 | AC52: 4 | AD52: 16 | AE52: 120 | AF52: =AE52*D5 -> 1829796
K53: P6 | L53: =L30*$G$7 -> 6641.3265 | M53: =M30*$G$7 -> 11068.878 | N53: =N30*$G$7 -> 4427.551 | O53: =O30*$G$7 -> 26565.306 | P53: =P30*$G$7 -> 0 | Q53: =Q30*$G$7 -> 0 | R53: =R30*$G$7 -> 0 | S53: =S30*$G$7 -> 8855.102 | ... X53: =X30*$G$7 -> 0 | Z53: P5 | AA53: 8 | AB53: 4 | AC53: 6 | AD53: 5 | AE53: 50 | AF53: =AE53*D6 -> 552975
K54: P7 | L54: =L31*$G$8 -> 0 | M54: =M31*$G$8 -> 0 | N54: =N31*$G$8 -> 18183.163 | O54: =O31*$G$8 -> 84854.762 | P54: =P31*$G$8 -> 24244.218 | Q54: =Q31*$G$8 -> 36366.327 | R54: =R31*$G$8 -> 0 | S54: =S31*$G$8 -> 0 | ... X54: =X31*$G$8 -> 0 | Z54: P6 | AA54: 2 | AB54: 8 | AC54: 6 | AD54: 3 | AE54: 15 | AF54: =AE54*D7 -> 117153
K55: P8 | L55: =L32*$G$9 -> 0 | M55: =M32*$G$9 -> 0 | N55: =N32*$G$9 -> 0 | O55: =O32*$G$9 -> 0 | P55: =P32*$G$9 -> 11873.016 | Q55: =Q32*$G$9 -> 0 | R55: =R32*$G$9 -> 0 | S55: =S32*$G$9 -> 18996.825 | ... X55: =X32*$G$9 -> 0 | Z55: P7 | AA55: 2 | AB55: 2 | AC55: 12 | AD55: 1 | AE55: 25 | AF55: =AE55*D8 -> 534585
K56: P9 | L56: =L33*$G$10 -> 0 | M56: =M33*$G$10 -> 0 | N56: =N33*$G$10 -> 0 | O56: =O33*$G$10 -> 0 | P56: =P33*$G$10 -> 18894.558 | Q56: =Q33*$G$10 -> 26452.381 | R56: =R33*$G$10 -> 18894.558 | S56: =S33*$G$10 -> 0 | ... X56: =X33*$G$10 -> 0 | Z56: P8 | AA56: 4 | AB56: 4 | AC56: 4 | AD56: 1 | AE56: 20 | AF56: =AE56*D9 -> 167552
K57: P10 | L57: =L34*$G$11 -> 0 | M57: =M34*$G$11 -> 0 | N57: =N34*$G$11 -> 0 | O57: =O34*$G$11 -> 0 | P57: =P34*$G$11 -> 13862.925 | Q57: =Q34*$G$11 -> 16173.413 | R57: =R34*$G$11 -> 0 | S57: =S34*$G$11 -> 0 | ... X57: =X34*$G$11 -> 0 | Z57: P9 | AA57: 2 | AB57: 4 | AC57: 12 | AD57: 2 | AE57: 40 | AF57: =AE57*D10 -> 533280
K58: P11 | L58: =L35*$G$12 -> 0 | M58: =M35*$G$12 -> 0 | N58: =N35*$G$12 -> 0 | O58: =O35*$G$12 -> 0 | P58: =P35*$G$12 -> 44275.51 | Q58: =Q35*$G$12 -> 0 | R58: =R35*$G$12 -> 13282.653 | S58: =S35*$G$12 -> 0 | ... X58: =X35*$G$12 -> 0 | Z58: P10 | AA58: 4 | AB58: 4 | AC58: 4 | AD58: 1 | AE58: 20 | AF58: =AE58*D11 -> 163028
K59: P12 | L59: =L36*$G$13 -> 0 | M59: =M36*$G$13 -> 0 | N59: =N36*$G$13 -> 0 | O59: =O36*$G$13 -> 0 | P59: =P36*$G$13 -> 21482.313 | Q59: =Q36*$G$13 -> 21482.313 | R59: =R36*$G$13 -> 10741.156 | S59: =S36*$G$13 -> 0 | ... X59: =X36*$G$13 -> 0 | Z59: P11 | AA59: 4 | AB59: 6 | AC59: 4 | AD59: 2 | AE59: 30 | AF59: =AE59*D12 -> 468612
K60: P13 | L60: =L37*$G$14 -> 0 | M60: =M37*$G$14 -> 0 | N60: =N37*$G$14 -> 0 | O60: =O37*$G$14 -> 0 | P60: =P37*$G$14 -> 13426.446 | Q60: =Q37*$G$14 -> 24167.602 | R60: =R37*$G$14 -> 8055.8673 | S60: =S37*$G$14 -> 21482.313 | ... X60: =X37*$G$14 -> 0 | Z60: P12 | AA60: 6 | AB60: 6 | AC60: 4 | AD60: 2 | AE60: 30 | AF60: =AE60*D13 -> 568422
K61: P14 | L61: =L38*$G$15 -> 0 | M61: =M38*$G$15 -> 0 | N61: =N38*$G$15 -> 0 | O61: =O38*$G$15 -> 0 | P61: =P38*$G$15 -> 31986.961 | Q61: =Q38*$G$15 -> 47980.442 | R61: =R38*$G$15 -> 15993.481 | S61: =S38*$G$15 -> 55977.183 | ... X61: =X38*$G$15 -> 0 | Z61: P13 | AA61: 2 | AB61: 2 | AC61: 12 | AD61: 1 | AE61: 25 | AF61: =AE61*D14 -> 236842.5
K62: P15 | L62: =L39*$G$16 -> 0 | M62: =M39*$G$16 -> 0 | N62: =N39*$G$16 -> 0 | O62: =O39*$G$16 -> 0 | P62: =P39*$G$16 -> 3561.9048 | Q62: =Q39*$G$16 -> 5936.5079 | R62: =R39*$G$16 -> 2374.6032 | S62: =S39*$G$16 -> 11873.016 | ... X62: =X39*$G$16 -> 0 | Z62: P14 | AA62: 2 | AB62: 4 | AC62: 6 | AD62: 1 | AE62: 20 | AF62: =AE62*D15 -> 564250
K63: P16 | L63: =L40*$G$17 -> 0 | M63: =M40*$G$17 -> 0 | N63: =N40*$G$17 -> 0 | O63: =O40*$G$17 -> 0 | P63: =P40*$G$17 -> 0 | Q63: =Q40*$G$17 -> 28127.126 | R63: =R40*$G$17 -> 0 | S63: =S40*$G$17 -> 112508.5 | ... X63: =X40*$G$17 -> 0 | Z63: P15 | AA63: 4 | AB63: 6 | AC63: 4 | AD63: 2 | AE63: 25 | AF63: =AE63*D16 -> 104720
K64: P17 | L64: =L41*$G$18 -> 0 | M64: =M41*$G$18 -> 0 | N64: =N41*$G$18 -> 0 | O64: =O41*$G$18 -> 0 | P64: =P41*$G$18 -> 0 | Q64: =Q41*$G$18 -> 0 | R64: =R41*$G$18 -> 0 | S64: =S41*$G$18 -> 0 | ... X64: =X41*$G$18 -> 37594.048 | Z64: P16 | AA64: 4 | AB64: 4 | AC64: 4 | AD64: 1 | AE64: 20 | AF64: =AE64*D17 -> 396930
K65: P18 | L65: =L42*$G$19 -> 0 | M65: =M42*$G$19 -> 0 | N65: =N42*$G$19 -> 0 | O65: =O42*$G$19 -> 0 | P65: =P42*$G$19 -> 0 | Q65: =Q42*$G$19 -> 0 | R65: =R42*$G$19 -> 0 | S65: =S42*$G$19 -> 0 | ... X65: =X42*$G$19 -> 90220.663 | Z65: P17 | AA65: 12 | AB65: 2 | AC65: 2 | AD65: 4 | AE65: 80 | AF65: =AE65*D18 -> 757896
K66: P19 | L66: =L43*$G$20 -> 0 | M66: =M43*$G$20 -> 0 | N66: =N43*$G$20 -> 0 | O66: =O43*$G$20 -> 0 | P66: =P43*$G$20 -> 0 | Q66: =Q43*$G$20 -> 0 | R66: =R43*$G$20 -> 0 | S66: =S43*$G$20 -> 0 | ... X66: =X43*$G$20 -> 237882.3 | Z66: P18 | AA66: 12 | AB66: 2 | AC66: 2 | AD66: 4 | AE66: 80 | AF66: =AE66*D19 -> 1697592
K67: P20 | L67: =L44*$G$21 -> 0 | M67: =M44*$G$21 -> 0 | N67: =N44*$G$21 -> 0 | O67: =O44*$G$21 -> 0 | P67: =P44*$G$21 -> 0 | Q67: =Q44*$G$21 -> 0 | R67: =R44*$G$21 -> 0 | S67: =S44*$G$21 -> 0 | ... X67: =X44*$G$21 -> 81662.245 | Z67: P19 | AA67: 12 | AB67: 2 | AC67: 2 | AD67: 4 | AE67: 80 | AF67: =AE67*D20 -> 2685596
Z68: P20 | AA68: 12 | AB68: 2 | AC68: 2 | AD68: 4 | AE68: 80 | AF68: =AE68*D21 -> 1920696
K69: SUM(minutes) | L69: =SUM(L48:L67) -> 91696.882 | M69: =SUM(M48:M67) -> 286910.45 | N69: =SUM(N48:N67) -> 72853.869 | O69: =SUM(O48:O67) -> 401628.83 | P69: =SUM(P48:P67) -> 183607.85 | Q69: =SUM(Q48:Q67) -> 206686.11 | R69: =SUM(R48:R67) -> 73664.399 | S69: =SUM(S48:S67) -> 273559.35 | ... X69: =SUM(X48:X67) -> 447359.25 | AC69: Weekly material cost | AF69: =SUM(AF49:AF68) -> 16258254
K70: Total Time(1 shift) | L70: =8*60*5 -> 2400 | M70: =8*60*5 -> 2400 | N70: =8*60*5 -> 2400 | O70: =8*60*5 -> 2400 | P70: =8*60*5 -> 2400 | Q70: =8*60*5 -> 2400 | R70: =8*60*5 -> 2400 | S70: =8*60*5 -> 2400 | ... X70: =8*60*5 -> 2400 | AC70: Yearly material cost | AF70: =AF69*49 -> 7.9665447e+08
K71: Total Time(2 shifts) | L71: =16*5*60 -> 4800 | M71: =16*5*60 -> 4800 | N71: =16*5*60 -> 4800 | O71: =16*5*60 -> 4800 | P71: =16*5*60 -> 4800 | Q71: =16*5*60 -> 4800 | R71: =16*5*60 -> 4800 | S71: =16*5*60 -> 4800 | ... X71: =16*5*60 -> 4800
K73: # of machines(1 shift) | L73: =L69/L70 -> 38.207034 | M73: =M69/M70 -> 119.54602 | N73: =N69/N70 -> 30.355779 | O73: =O69/O70 -> 167.34534 | P73: =P69/P70 -> 76.503271 | Q73: =Q69/Q70 -> 86.119213 | R73: =R69/R70 -> 30.6935 | S73: =S69/S70 -> 113.98306 | ... X73: =X69/X70 -> 186.39969
K74: # of machines(2 shift) | L74: =L69/L71 -> 19.103517 | M74: =M69/M71 -> 59.773009 | N74: =N69/N71 -> 15.177889 | O74: =O69/O71 -> 83.672672 | P74: =P69/P71 -> 38.251636 | Q74: =Q69/Q71 -> 43.059606 | R74: =R69/R71 -> 15.34675 | S74: =S69/S71 -> 56.991532 | ... X74: =X69/X71 -> 93.199845
K76: rounded ans | L76: A | M76: B | N76: C | O76: D | P76: E | Q76: F | R76: G | S76: H | T76: I | U76: J | V76: K | W76: L | X76: M
K77: # of machines(1 shift) | L77: =ROUNDUP(L73,0) -> 39 | M77: =ROUNDUP(M73,0) -> 120 | N77: =ROUNDUP(N73,0) -> 31 | O77: =ROUNDUP(O73,0) -> 168 | P77: =ROUNDUP(P73,0) -> 77 | Q77: =ROUNDUP(Q73,0) -> 87 | R77: =ROUNDUP(R73,0) -> 31 | S77: =ROUNDUP(S73,0) -> 114 | ... X77: =ROUNDUP(X73,0) -> 187 | Y77: Total
K78: # of machines(2 shift) | L78: =ROUNDUP(L74,0) -> 20 | M78: =ROUNDUP(M74,0) -> 60 | N78: =ROUNDUP(N74,0) -> 16 | O78: =ROUNDUP(O74,0) -> 84 | P78: =ROUNDUP(P74,0) -> 39 | Q78: =ROUNDUP(Q74,0) -> 44 | R78: =ROUNDUP(R74,0) -> 16 | S78: =ROUNDUP(S74,0) -> 57 | ... X78: =ROUNDUP(X74,0) -> 94 | Y78: =SUM(L78:X78) -> 648
K79: # of new machines | L79: =L78-'Y2'!L78 -> 1 | M79: =M78-'Y2'!M78 -> 2 | N79: =N78-'Y2'!N78 -> 0 | O79: =O78-'Y2'!O78 -> 0 | P79: =P78-'Y2'!P78 -> 0 | Q79: =Q78-'Y2'!Q78 -> 0 | R79: =R78-'Y2'!R78 -> 0 | S79: =S78-'Y2'!S78 -> 1 | ... Y79: =Y78-'Y2'!Y78 -> 9
K81: inner size | L81: 7 | M81: 7 | N81: 7 | O81: 7 | P81: 6 | Q81: 6 | R81: 6 | S81: 5 | T81: 5 | U81: 5 | V81: 3 | W81: 3 | X81: 3
L82: 8 | M82: 8 | N82: 8 | O82: 8 | P82: 16 | Q82: 16 | R82: 16 | S82: 24 | T82: 24 | U82: 24 | V82: 6 | W82: 6 | X82: 6
K83: outer size | L83: 14 | M83: 14 | N83: 14 | O83: 14 | P83: 22 | Q83: 22 | R83: 22 | S83: 14 | T83: 14 | U83: 14 | V83: 14 | W83: 14 | X83: 14
L84: 14 | M84: 14 | N84: 14 | O84: 14 | P84: 15 | Q84: 15 | R84: 15 | S84: 36 | T84: 36 | U84: 36 | V84: 7 | W84: 7 | X84: 7
K86: Operators hourly cost/each machine | L86: =1*20+1/4*40 -> 30 | M86: =1*20+1/4*40 -> 30 | N86: =1*20+1/4*40 -> 30 | O86: =1*20+1/4*40 -> 30 | P86: =1*20+1/2*60 -> 50 | Q86: =1*20+1/2*60 -> 50 | R86: =1*20+1/2*60 -> 50 | S86: 120 | T86: 120 | U86: 120 | V86: 20 | W86: 20 | X86: 20
K87: Installed price | L87: 150000 | M87: 200000 | N87: 250000 | O87: 300000 | P87: 400000 | Q87: 400000 | R87: 400000 | S87: 1000000 | T87: 500000 | U87: 500000 | V87: 80000 | W87: 100000 | X87: 50000
K89: # of personnel/each machine | L89: A | M89: B | N89: C | O89: D | P89: E | Q89: F | R89: G | S89: H | T89: I | U89: J | V89: K | W89: L | X89: M
K90: C1 | L90: 1 | M90: 1 | N90: 1 | O90: 1 | P90: 1 | Q90: 1 | R90: 1 | S90: 0 | T90: 0 | U90: 0 | V90: 0 | W90: 0 | X90: 0
K91: C2 | L91: 0.25 | M91: 0.25 | N91: 0.25 | O91: 0.25 | P91: 0 | Q91: 0 | R91: 0 | S91: 0 | T91: 0 | U91: 0 | V91: 0.5 | W91: 0.5 | X91: 0.5
K92: C3 | L92: 0 | M92: 0 | N92: 0 | O92: 0 | P92: 0.5 | Q92: 0.5 | R92: 0.5 | S92: 2 | T92: 2 | U92: 2 | V92: 0 | W92: 0 | X92: 0
K94: Total working hours( 2 shifts, 49 weeks) | L94: =49*5*16 -> 3920 | M94: =49*5*16 -> 3920 | N94: =49*5*16 -> 3920 | O94: =49*5*16 -> 3920 | P94: =49*5*16 -> 3920 | Q94: =49*5*16 -> 3920 | R94: =49*5*16 -> 3920 | S94: =49*5*16 -> 3920 | ... X94: =49*5*16 -> 3920
K96: Total # of personnel | L96: A | M96: B | N96: C | O96: D | P96: E | Q96: F | R96: G | S96: H | T96: I | U96: J | V96: K | W96: L | X96: M | Y96: SUM
K97: C1 | L97: =ROUNDUP(L90*L78*2,0) -> 40 | M97: =ROUNDUP(M90*M78*2,0) -> 120 | N97: =ROUNDUP(N90*N78*2,0) -> 32 | O97: =ROUNDUP(O90*O78*2,0) -> 168 | P97: =ROUNDUP(P90*P78*2,0) -> 78 | Q97: =ROUNDUP(Q90*Q78*2,0) -> 88 | R97: =ROUNDUP(R90*R78*2,0) -> 32 | S97: =ROUNDUP(S90*S78*2,0) -> 0 | ... X97: =ROUNDUP(X90*X78*2,0) -> 0 | Y97: =SUM(L97:X97) -> 558
K98: C2 | L98: =ROUNDUP(L91*L78*2,0) -> 10 | M98: =ROUNDUP(M91*M78*2,0) -> 30 | N98: =ROUNDUP(N91*N78*2,0) -> 8 | O98: =ROUNDUP(O91*O78*2,0) -> 42 | P98: =ROUNDUP(P91*P78*2,0) -> 0 | Q98: =ROUNDUP(Q91*Q78*2,0) -> 0 | R98: =ROUNDUP(R91*R78*2,0) -> 0 | S98: =ROUNDUP(S91*S78*2,0) -> 0 | ... X98: =ROUNDUP(X91*X78*2,0) -> 94 | Y98: =SUM(L98:X98) -> 256
K99: C3 | L99: =ROUNDUP(L92*L78*2,0) -> 0 | M99: =ROUNDUP(M92*M78*2,0) -> 0 | N99: =ROUNDUP(N92*N78*2,0) -> 0 | O99: =ROUNDUP(O92*O78*2,0) -> 0 | P99: =ROUNDUP(P92*P78*2,0) -> 39 | Q99: =ROUNDUP(Q92*Q78*2,0) -> 44 | R99: =ROUNDUP(R92*R78*2,0) -> 16 | S99: =ROUNDUP(S92*S78*2,0) -> 228 | ... X99: =ROUNDUP(X92*X78*2,0) -> 0 | Y99: =SUM(L99:X99) -> 911
K100: Center-specific total | L100: =SUM(L97:L99) -> 50 | M100: =SUM(M97:M99) -> 150 | N100: =SUM(N97:N99) -> 40 | O100: =SUM(O97:O99) -> 210 | P100: =SUM(P97:P99) -> 117 | Q100: =SUM(Q97:Q99) -> 132 | R100: =SUM(R97:R99) -> 48 | S100: =SUM(S97:S99) -> 228 | ... Y100: =SUM(Y97:Y99) -> 1725
K101: # of new personnel | L101: =L100-'Y2'!L100 -> 2 | M101: =M100-'Y2'!M100 -> 5 | N101: =N100-'Y2'!N100 -> 0 | O101: =O100-'Y2'!O100 -> 0 | P101: =P100-'Y2'!P100 -> 0 | Q101: =Q100-'Y2'!Q100 -> 0 | R101: =R100-'Y2'!R100 -> 0 | S101: =S100-'Y2'!S100 -> 4 | ... Y101: =Y100-'Y2'!Y100 -> 19
K103: Annual Installed fee | L103: =L78*L87/10 -> 300000 | M103: =M78*M87/10 -> 1200000 | N103: =N78*N87/10 -> 400000 | O103: =O78*O87/10 -> 2520000 | P103: =P78*P87/10 -> 1560000 | Q103: =Q78*Q87/10 -> 1760000 | R103: =R78*R87/10 -> 640000 | S103: =S78*S87/15 -> 3800000 | T103: =T78*T87/15 -> 1766666.7 | U103: =U78*U87/15 -> 3100000 | V103: =V78*V87/8 -> 130000 | W103: =W78*W87/8 -> 737500 | X103: =X78*X87/8 -> 587500
K104: Annual operator cost | L104: =L86*16*5*49*L78 -> 2352000 | M104: =M86*16*5*49*M78 -> 7056000 | N104: =N86*16*5*49*N78 -> 1881600 | O104: =O86*16*5*49*O78 -> 9878400 | P104: =P86*16*5*49*P78 -> 7644000 | Q104: =Q86*16*5*49*Q78 -> 8624000 | R104: =R86*16*5*49*R78 -> 3136000 | S104: =S86*16*5*49*S78 -> 26812800 | ... X104: =X86*16*5*49*X78 -> 7369600
K107: Total Installed cost | L107: =SUM(L103:X103) -> 18501667
K108: Total operator cost | L108: =SUM(L104:X104) -> 149077600
K109: Total Land Fee | L109: =882*344*250 -> 75852000
K110: Total Cost | L110: =SUM(L107:L109) -> 2.4343127e+08

Sheet Y4
A1: Part | B1: Annual_Demand_Mean_Units | C1: Weekly_Demand_StdDev_Units | D1: Weekly_Robust_Demand_99p5_Units | E1: Total_Minutes_Per_Unit | F1: Weekly_Robust_Net_Minutes | G1: Weekly_Robust_Gross_Minutes | K1: Time | L1: A | M1: B | N1: C | O1: D | P1: E | Q1: F | R1: G | S1: H | T1: I | U1: J | V1: K | W1: L | X1: M | Z1: Distance | AA1: A | AB1: B | AC1: C | AD1: D | AE1: E | AF1: F | AG1: G | AH1: H | AI1: I | AJ1: J | AK1: K | AL1: L | AM1: M
A2: P1 | B2: 1482000 | C2: 2923.1832 | D2: 36000.825 | E2: 12.75 | F2: 459377.67 | G2: 520420.09 | K2: P1 | L2: 1 | M2: 5 | N2: 0.5 | O2: 2.5 | P2: 0 | Q2: 0 | R2: 0 | S2: 0 | T2: 1.25 | U2: 2.5 | V2: 0 | W2: 0 | X2: 0 | Z2: A | AA2: 0 | AB2: 146 | AC2: 311 | AD2: 0 | AE2: 0 | AF2: 0 | AG2: 0 | AH2: 0 | AI2: 0 | AJ2: 0 | AK2: 0 | AL2: 0 | AM2: 0
A3: P2 | B3: 790400 | C3: 1501.8738 | D3: 19095.9 | E3: 7.75 | F3: 147781.42 | G3: 167792.77 | K3: P2 | L3: 1.25 | M3: 0 | N3: 0.5 | O3: 2.5 | P3: 0 | Q3: 0 | R3: 0 | S3: 1 | T3: 0 | U3: 2.5 | V3: 0 | W3: 0 | X3: 0 | Z3: B | AA3: 146 | AB3: 0 | AC3: 165 | AD3: 357 | AE3: 0 | AF3: 0 | AG3: 0 | AH3: 0 | AI3: 0 | AJ3: 0 | AK3: 0 | AL3: 0 | AM3: 0
A4: P3 | B4: 1112800 | C4: 1979.4254 | D4: 12937.2 | E4: 9.5 | F4: 251737.29 | G4: 139346.26 | K4: P3 | L4: 0 | M4: 1.75 | N4: 0.75 | O4: 3 | P4: 0 | Q4: 0 | R4: 0 | S4: 0 | T4: 1.5 | U4: 2.5 | V4: 0 | W4: 0 | X4: 0 | Z4: C | AA4: 0 | AB4: 0 | AC4: 0 | AD4: 193 | AE4: 0 | AF4: 0 | AG4: 0 | AH4: 0 | AI4: =236+211 -> 447 | AJ4: 0 | AK4: 0 | AL4: 0 | AM4: 0
A5: P4 | B5: 561600 | C5: 1450 | D5: 15620.4 | E5: 7.5 | F5: 109012.14 | G5: 132826.53 | K5: P4 | L5: 1 | M5: 2 | N5: 0 | O5: 3 | P5: 0 | Q5: 0 | R5: 0.25 | S5: 1.25 | T5: 0 | U5: 0 | V5: 0 | W5: 0 | X5: 0 | Z5: D | AA5: 0 | AB5: 0 | AC5: 193 | AD5: 0 | AE5: 0 | AF5: 0 | AG5: 89 | AH5: =209+219 -> 428 | AI5: =428+209 -> 637 | AJ5: 0 | AK5: 0 | AL5: 0 | AM5: 0
A6: P5 | B6: 556400 | C6: 1289.3797 | D6: 10908 | E6: 7.5 | F6: 105159.17 | G6: 92755.102 | K6: P5 | L6: 0 | M6: 1.5 | N6: 0.75 | O6: 3.5 | P6: 0 | Q6: 0 | R6: 0 | S6: 0 | T6: 1.75 | U6: 0 | V6: 0 | W6: 0 | X6: 0 | Z6: E | AA6: 0 | AB6: 0 | AC6: 0 | AD6: 0 | AE6: 0 | AF6: 282 | AG6: 485 | AH6: =633+131 -> 764 | AI6: 0 | AJ6: 0 | AK6: 0 | AL6: 0 | AM6: 0
A7: P6 | B7: 577200 | C7: 632.94945 | D7: 8272.425 | E7: 10.5 | F7: 133668.88 | G7: 98481.25 | K7: P6 | L7: 0.75 | M7: 1.25 | N7: 0.5 | O7: 3 | P7: 0 | Q7: 0 | R7: 0 | S7: 1 | T7: 1.25 | U7: 2.75 | V7: 0 | W7: 0 | X7: 0 | Z7: F | AA7: 0 | AB7: 0 | AC7: 89 | AD7: 0 | AE7: 0 | AF7: 0 | AG7: 202 | AH7: 350 | AI7: =287+123 -> 410 | AJ7: 0 | AK7: 0 | AL7: 0 | AM7: 0
A8: P7 | B8: 878800 | C8: 1189.8004 | D8: 20109.6 | E8: 10 | F8: 199647.23 | G8: 228000 | K8: P7 | L8: 0 | M8: 0 | N8: 0.75 | O8: 3.5 | P8: 1 | Q8: 1.5 | R8: 0 | S8: 0 | T8: 1.25 | U8: 2 | V8: 0 | W8: 0 | X8: 0 | Z8: G | AA8: 0 | AB8: 0 | AC8: 0 | AD8: 0 | AE8: =489 -> 489 | AF8: 202 | AG8: 0 | AH8: =148+131 -> 279 | AI8: =489+121 -> 610 | AJ8: 0 | AK8: 0 | AL8: 0 | AM8: 0
A9: P8 | B9: 1019200 | C9: 1870.9957 | D9: 9424.8 | E9: 4.75 | F9: 115991.99 | G9: 50757.143 | K9: P8 | L9: 0 | M9: 0 | N9: 0 | O9: 0 | P9: 1.25 | Q9: 0 | R9: 0 | S9: 2 | T9: 1 | U9: 0.5 | V9: 0 | W9: 0 | X9: 0 | Z9: H | AA9: 0 | AB9: 0 | AC9: 0 | AD9: 0 | AE9: 0 | AF9: 0 | AG9: 0 | AH9: 0 | AI9: =636 -> 636 | AJ9: =317 -> 317 | AK9: 0 | AL9: 0 | AM9: 0
A10: P9 | B10: 686400 | C10: 1360.1471 | D10: 12423 | E10: 8.5 | F10: 141979.81 | G10: 119722.79 | K10: P9 | L10: 0 | M10: 0 | N10: 0 | O10: 0 | P10: 1.25 | Q10: 1.75 | R10: 1.25 | S10: 0 | T10: 1.25 | U10: 3 | V10: 0 | W10: 0 | X10: 0 | Z10: I | AA10: 0 | AB10: 0 | AC10: 0 | AD10: 0 | AE10: 0 | AF10: 0 | AG10: 0 | AH10: 0 | AI10: 0 | AJ10: =319 -> 319 | AK10: 0 | AL10: 0 | AM10: 0
A11: P10 | B11: 395200 | C11: 738.66434 | D11: 8300.325 | E11: 6.5 | F11: 61767.376 | G11: 61170.196 | K11: P10 | L11: 0 | M11: 0 | N11: 0 | O11: 0 | P11: 1.5 | Q11: 1.75 | R11: 0 | S11: 0 | T11: 1.25 | U11: 2 | V11: 0 | W11: 0 | X11: 0 | Z11: J | AA11: 0 | AB11: 0 | AC11: 0 | AD11: 0 | AE11: 0 | AF11: 0 | AG11: 0 | AH11: 0 | AI11: 319 | AJ11: 0 | AK11: 0 | AL11: 0 | AM11: 0
A12: P11 | B12: 1164800 | C12: 1939.0719 | D12: 16544.85 | E12: 4 | F12: 109578.87 | G12: 75033.333 | K12: P11 | L12: 0 | M12: 0 | N12: 0 | O12: 0 | P12: 2.5 | Q12: 0 | R12: 0.75 | S12: 0 | T12: 0.75 | U12: 0 | V12: 0 | W12: 0 | X12: 0 | Z12: K | AA12: 0 | AB12: 0 | AC12: 0 | AD12: 0 | AE12: 0 | AF12: 0 | AG12: 0 | AH12: 0 | AI12: 0 | AJ12: 0 | AK12: 0 | AL12: 85.5 | AM12: 95
A13: P12 | B13: 1310400 | C13: 1800 | D13: 19040.1 | E13: 6 | F13: 179018.96 | G13: 129524.49 | K13: P12 | L13: 0 | M13: 0 | N13: 0 | O13: 0 | P13: 1 | Q13: 1 | R13: 0.5 | S13: 0 | T13: 1.25 | U13: 2.25 | V13: 0 | W13: 0 | X13: 0 | Z13: L | AA13: 0 | AB13: 0 | AC13: 0 | AD13: 0 | AE13: 0 | AF13: 0 | AG13: 0 | AH13: 0 | AI13: 0 | AJ13: 0 | AK13: 85.5 | AL13: 0 | AM13: =85.5+95 -> 180.5
A14: P13 | B14: 629200 | C14: 984.88578 | D14: 9520.05 | E14: 7.5 | F14: 109776.73 | G14: 80952.806 | K14: P13 | L14: 0 | M14: 0 | N14: 0 | O14: 0 | P14: 1.25 | Q14: 2.25 | R14: 0.75 | S14: 2 | T14: 1.25 | U14: 0 | V14: 0 | W14: 0 | X14: 0 | Z14: M | AA14: 0 | AB14: 0 | AC14: 0 | AD14: 0 | AE14: 0 | AF14: 0 | AG14: 0 | AH14: 0 | AI14: 0 | AJ14: 0 | AK14: 0 | AL14: =180.5 -> 180.5 | AM14: 0
A15: P14 | B15: 1341600 | C15: 1714.6428 | D15: 27190.2 | E15: 4.75 | F15: 143528.98 | G15: 146432.48 | K15: P14 | L15: 0 | M15: 0 | N15: 0 | O15: 0 | P15: 1 | Q15: 1.5 | R15: 0.5 | S15: 1.75 | T15: 0 | U15: 0 | V15: 0 | W15: 0 | X15: 0
A16: P15 | B16: 488800 | C16: 1138.2552 | D16: 4712.4 | E16: 7.5 | F16: 92489.634 | G16: 40071.429 | K16: P15 | L16: 0 | M16: 0 | N16: 0 | O16: 0 | P16: 0.75 | Q16: 1.25 | R16: 0.5 | S16: 2.5 | T16: 0 | U16: 2.5 | V16: 0 | W16: 0 | X16: 0
A17: P16 | B17: 696800 | C17: 2404.6829 | D17: 20301 | E17: 10 | F17: 195940.53 | G17: 230170.07 | K17: P16 | L17: 0 | M17: 0 | N17: 0 | O17: 0 | P17: 0 | Q17: 1.25 | R17: 0 | S17: 5 | T17: 1.25 | U17: 2.5 | V17: 0 | W17: 0 | X17: 0 | Z17: Capacity | AA17: A | AB17: B | AC17: C | AD17: D | AE17: E | AF17: F | AG17: G | AH17: H | AI17: I | AJ17: J | AK17: K | AL17: L | AM17: M
A18: P17 | B18: 800800 | C18: 1051.487 | D18: 9520.05 | E18: 7.25 | F18: 131286.27 | G18: 78254.379 | K18: P17 | L18: 0 | M18: 0 | N18: 0 | O18: 0 | P18: 0 | Q18: 0 | R18: 0 | S18: 0 | T18: 0 | U18: 0 | V18: 0.75 | W18: 3 | X18: 3.5 | Z18: P1 | AA18: =L2*$D$2 -> 36000.825 | AB18: =M2*$D$2 -> 180004.12 | AC18: =N2*$D$2 -> 18000.412 | AD18: =O2*$D$2 -> 90002.062 | AE18: =P2*$D$2 -> 0 | AF18: =Q2*$D$2 -> 0 | AG18: =R2*$D$2 -> 0 | AH18: =S2*$D$2 -> 0 | ... AM18: =X2*$D$2 -> 0
A19: P18 | B19: 1076400 | C19: 1304.7988 | D19: 20555.1 | E19: 6.25 | F19: 150380.87 | G19: 145656.89 | K19: P18 | L19: 0 | M19: 0 | N19: 0 | O19: 0 | P19: 0 | Q19: 0 | R19: 0 | S19: 0 | T19: 0 | U19: 0 | V19: 1.25 | W19: 1.25 | X19: 3.75 | Z19: P2 | AA19: =L3*$D$3 -> 23869.875 | AB19: =M3*$D$3 -> 0 | AC19: =N3*$D$3 -> 9547.95 | AD19: =O3*$D$3 -> 47739.75 | AE19: =P3*$D$3 -> 0 | AF19: =Q3*$D$3 -> 0 | AG19: =R3*$D$3 -> 0 | AH19: =S3*$D$3 -> 19095.9 | ... AM19: =X3*$D$3 -> 0
A20: P19 | B20: 1528800 | C20: 2934.8126 | D20: 34753.2 | E20: 10.5 | F20: 388075.55 | G20: 413728.57 | K20: P19 | L20: 0 | M20: 0 | N20: 0 | O20: 0 | P20: 0 | Q20: 0 | R20: 0 | S20: 0 | T20: 0 | U20: 0 | V20: 0 | W20: 4.25 | X20: 6.25 | Z20: P3 | AA20: =L4*$D$4 -> 0 | AB20: =M4*$D$4 -> 22640.1 | AC20: =N4*$D$4 -> 9702.9 | AD20: =O4*$D$4 -> 38811.6 | AE20: =P4*$D$4 -> 0 | AF20: =Q4*$D$4 -> 0 | AG20: =R4*$D$4 -> 0 | AH20: =S4*$D$4 -> 0 | ... AM20: =X4*$D$4 -> 0
A21: P20 | B21: 1242800 | C21: 2240.5357 | D21: 24188.1 | E21: 5.75 | F21: 170609.61 | G21: 157688.86 | K21: P20 | L21: 0 | M21: 0 | N21: 0 | O21: 0 | P21: 0 | Q21: 0 | R21: 0 | S21: 0 | T21: 0 | U21: 0 | V21: 0.75 | W21: 2 | X21: 3 | Z21: P4 | AA21: =L5*$D$5 -> 15620.4 | AB21: =M5*$D$5 -> 31240.8 | AC21: =N5*$D$5 -> 0 | AD21: =O5*$D$5 -> 46861.2 | AE21: =P5*$D$5 -> 0 | AF21: =Q5*$D$5 -> 0 | AG21: =R5*$D$5 -> 3905.1 | AH21: =S5*$D$5 -> 19525.5 | ... AM21: =X5*$D$5 -> 0
D22: =SUM(D2:D21) -> 339417.52 | Z22: P5 | AA22: =L6*$D$6 -> 0 | AB22: =M6*$D$6 -> 16362 | AC22: =N6*$D$6 -> 8181 | AD22: =O6*$D$6 -> 38178 | AE22: =P6*$D$6 -> 0 | AF22: =Q6*$D$6 -> 0 | AG22: =R6*$D$6 -> 0 | AH22: =S6*$D$6 -> 0 | ... AM22: =X6*$D$6 -> 0
Z23: P6 | AA23: =L7*$D$7 -> 6204.3187 | AB23: =M7*$D$7 -> 10340.531 | AC23: =N7*$D$7 -> 4136.2125 | AD23: =O7*$D$7 -> 24817.275 | AE23: =P7*$D$7 -> 0 | AF23: =Q7*$D$7 -> 0 | AG23: =R7*$D$7 -> 0 | AH23: =S7*$D$7 -> 8272.425 | ... AM23: =X7*$D$7 -> 0
K24: Proportion | L24: A | M24: B | N24: C | O24: D | P24: E | Q24: F | R24: G | S24: H | T24: I | U24: J | V24: K | W24: L | X24: M | Z24: P7 | AA24: =L8*$D$8 -> 0 | AB24: =M8*$D$8 -> 0 | AC24: =N8*$D$8 -> 15082.2 | AD24: =O8*$D$8 -> 70383.6 | AE24: =P8*$D$8 -> 20109.6 | AF24: =Q8*$D$8 -> 30164.4 | AG24: =R8*$D$8 -> 0 | AH24: =S8*$D$8 -> 0 | ... AM24: =X8*$D$8 -> 0
K25: P1 | L25: =L2/$E$2 -> 0.078431373 | M25: =M2/$E$2 -> 0.39215686 | N25: =N2/$E$2 -> 0.039215686 | O25: =O2/$E$2 -> 0.19607843 | P25: =P2/$E$2 -> 0 | Q25: =Q2/$E$2 -> 0 | R25: =R2/$E$2 -> 0 | S25: =S2/$E$2 -> 0 | ... X25: =X2/$E$2 -> 0 | Z25: P8 | AA25: =L9*$D$9 -> 0 | AB25: =M9*$D$9 -> 0 | AC25: =N9*$D$9 -> 0 | AD25: =O9*$D$9 -> 0 | AE25: =P9*$D$9 -> 11781 | AF25: =Q9*$D$9 -> 0 | AG25: =R9*$D$9 -> 0 | AH25: =S9*$D$9 -> 18849.6 | ... AM25: =X9*$D$9 -> 0
K26: P2 | L26: =L3/$E$3 -> 0.16129032 | M26: =M3/$E$3 -> 0 | N26: =N3/$E$3 -> 0.064516129 | O26: =O3/$E$3 -> 0.32258065 | P26: =P3/$E$3 -> 0 | Q26: =Q3/$E$3 -> 0 | R26: =R3/$E$3 -> 0 | S26: =S3/$E$3 -> 0.12903226 | ... X26: =X3/$E$3 -> 0 | Z26: P9 | AA26: =L10*$D$10 -> 0 | AB26: =M10*$D$10 -> 0 | AC26: =N10*$D$10 -> 0 | AD26: =O10*$D$10 -> 0 | AE26: =P10*$D$10 -> 15528.75 | AF26: =Q10*$D$10 -> 21740.25 | AG26: =R10*$D$10 -> 15528.75 | AH26: =S10*$D$10 -> 0 | ... AM26: =X10*$D$10 -> 0
K27: P3 | L27: =L4/$E$4 -> 0 | M27: =M4/$E$4 -> 0.18421053 | N27: =N4/$E$4 -> 0.078947368 | O27: =O4/$E$4 -> 0.31578947 | P27: =P4/$E$4 -> 0 | Q27: =Q4/$E$4 -> 0 | R27: =R4/$E$4 -> 0 | S27: =S4/$E$4 -> 0 | ... X27: =X4/$E$4 -> 0 | Z27: P10 | AA27: =L11*$D$11 -> 0 | AB27: =M11*$D$11 -> 0 | AC27: =N11*$D$11 -> 0 | AD27: =O11*$D$11 -> 0 | AE27: =P11*$D$11 -> 12450.488 | AF27: =Q11*$D$11 -> 14525.569 | AG27: =R11*$D$11 -> 0 | AH27: =S11*$D$11 -> 0 | ... AM27: =X11*$D$11 -> 0
K28: P4 | L28: =L5/$E$5 -> 0.13333333 | M28: =M5/$E$5 -> 0.26666667 | N28: =N5/$E$5 -> 0 | O28: =O5/$E$5 -> 0.4 | P28: =P5/$E$5 -> 0 | Q28: =Q5/$E$5 -> 0 | R28: =R5/$E$5 -> 0.033333333 | S28: =S5/$E$5 -> 0.16666667 | ... X28: =X5/$E$5 -> 0 | Z28: P11 | AA28: =L12*$D$12 -> 0 | AB28: =M12*$D$12 -> 0 | AC28: =N12*$D$12 -> 0 | AD28: =O12*$D$12 -> 0 | AE28: =P12*$D$12 -> 41362.125 | AF28: =Q12*$D$12 -> 0 | AG28: =R12*$D$12 -> 12408.637 | AH28: =S12*$D$12 -> 0 | ... AM28: =X12*$D$12 -> 0
K29: P5 | L29: =L6/$E$6 -> 0 | M29: =M6/$E$6 -> 0.2 | N29: =N6/$E$6 -> 0.1 | O29: =O6/$E$6 -> 0.46666667 | P29: =P6/$E$6 -> 0 | Q29: =Q6/$E$6 -> 0 | R29: =R6/$E$6 -> 0 | S29: =S6/$E$6 -> 0 | ... X29: =X6/$E$6 -> 0 | Z29: P12 | AA29: =L13*$D$13 -> 0 | AB29: =M13*$D$13 -> 0 | AC29: =N13*$D$13 -> 0 | AD29: =O13*$D$13 -> 0 | AE29: =P13*$D$13 -> 19040.1 | AF29: =Q13*$D$13 -> 19040.1 | AG29: =R13*$D$13 -> 9520.05 | AH29: =S13*$D$13 -> 0 | ... AM29: =X13*$D$13 -> 0
K30: P6 | L30: =L7/$E$7 -> 0.071428571 | M30: =M7/$E$7 -> 0.11904762 | N30: =N7/$E$7 -> 0.047619048 | O30: =O7/$E$7 -> 0.28571429 | P30: =P7/$E$7 -> 0 | Q30: =Q7/$E$7 -> 0 | R30: =R7/$E$7 -> 0 | S30: =S7/$E$7 -> 0.095238095 | ... X30: =X7/$E$7 -> 0 | Z30: P13 | AA30: =L14*$D$14 -> 0 | AB30: =M14*$D$14 -> 0 | AC30: =N14*$D$14 -> 0 | AD30: =O14*$D$14 -> 0 | AE30: =P14*$D$14 -> 11900.062 | AF30: =Q14*$D$14 -> 21420.112 | AG30: =R14*$D$14 -> 7140.0375 | AH30: =S14*$D$14 -> 19040.1 | ... AM30: =X14*$D$14 -> 0
K31: P7 | L31: =L8/$E$8 -> 0 | M31: =M8/$E$8 -> 0 | N31: =N8/$E$8 -> 0.075 | O31: =O8/$E$8 -> 0.35 | P31: =P8/$E$8 -> 0.1 | Q31: =Q8/$E$8 -> 0.15 | R31: =R8/$E$8 -> 0 | S31: =S8/$E$8 -> 0 | ... X31: =X8/$E$8 -> 0 | Z31: P14 | AA31: =L15*$D$15 -> 0 | AB31: =M15*$D$15 -> 0 | AC31: =N15*$D$15 -> 0 | AD31: =O15*$D$15 -> 0 | AE31: =P15*$D$15 -> 27190.2 | AF31: =Q15*$D$15 -> 40785.3 | AG31: =R15*$D$15 -> 13595.1 | AH31: =S15*$D$15 -> 47582.85 | ... AM31: =X15*$D$15 -> 0
K32: P8 | L32: =L9/$E$9 -> 0 | M32: =M9/$E$9 -> 0 | N32: =N9/$E$9 -> 0 | O32: =O9/$E$9 -> 0 | P32: =P9/$E$9 -> 0.26315789 | Q32: =Q9/$E$9 -> 0 | R32: =R9/$E$9 -> 0 | S32: =S9/$E$9 -> 0.42105263 | ... X32: =X9/$E$9 -> 0 | Z32: P15 | AA32: =L16*$D$16 -> 0 | AB32: =M16*$D$16 -> 0 | AC32: =N16*$D$16 -> 0 | AD32: =O16*$D$16 -> 0 | AE32: =P16*$D$16 -> 3534.3 | AF32: =Q16*$D$16 -> 5890.5 | AG32: =R16*$D$16 -> 2356.2 | AH32: =S16*$D$16 -> 11781 | ... AM32: =X16*$D$16 -> 0
K33: P9 | L33: =L10/$E$10 -> 0 | M33: =M10/$E$10 -> 0 | N33: =N10/$E$10 -> 0 | O33: =O10/$E$10 -> 0 | P33: =P10/$E$10 -> 0.14705882 | Q33: =Q10/$E$10 -> 0.20588235 | R33: =R10/$E$10 -> 0.14705882 | S33: =S10/$E$10 -> 0 | ... X33: =X10/$E$10 -> 0 | Z33: P16 | AA33: =L17*$D$17 -> 0 | AB33: =M17*$D$17 -> 0 | AC33: =N17*$D$17 -> 0 | AD33: =O17*$D$17 -> 0 | AE33: =P17*$D$17 -> 0 | AF33: =Q17*$D$17 -> 25376.25 | AG33: =R17*$D$17 -> 0 | AH33: =S17*$D$17 -> 101505 | ... AM33: =X17*$D$17 -> 0
K34: P10 | L34: =L11/$E$11 -> 0 | M34: =M11/$E$11 -> 0 | N34: =N11/$E$11 -> 0 | O34: =O11/$E$11 -> 0 | P34: =P11/$E$11 -> 0.23076923 | Q34: =Q11/$E$11 -> 0.26923077 | R34: =R11/$E$11 -> 0 | S34: =S11/$E$11 -> 0 | ... X34: =X11/$E$11 -> 0 | Z34: P17 | AA34: =L18*$D$18 -> 0 | AB34: =M18*$D$18 -> 0 | AC34: =N18*$D$18 -> 0 | AD34: =O18*$D$18 -> 0 | AE34: =P18*$D$18 -> 0 | AF34: =Q18*$D$18 -> 0 | AG34: =R18*$D$18 -> 0 | AH34: =S18*$D$18 -> 0 | ... AM34: =X18*$D$18 -> 33320.175
K35: P11 | L35: =L12/$E$12 -> 0 | M35: =M12/$E$12 -> 0 | N35: =N12/$E$12 -> 0 | O35: =O12/$E$12 -> 0 | P35: =P12/$E$12 -> 0.625 | Q35: =Q12/$E$12 -> 0 | R35: =R12/$E$12 -> 0.1875 | S35: =S12/$E$12 -> 0 | ... X35: =X12/$E$12 -> 0 | Z35: P18 | AA35: =L19*$D$19 -> 0 | AB35: =M19*$D$19 -> 0 | AC35: =N19*$D$19 -> 0 | AD35: =O19*$D$19 -> 0 | AE35: =P19*$D$19 -> 0 | AF35: =Q19*$D$19 -> 0 | AG35: =R19*$D$19 -> 0 | AH35: =S19*$D$19 -> 0 | ... AM35: =X19*$D$19 -> 77081.625
K36: P12 | L36: =L13/$E$13 -> 0 | M36: =M13/$E$13 -> 0 | N36: =N13/$E$13 -> 0 | O36: =O13/$E$13 -> 0 | P36: =P13/$E$13 -> 0.16666667 | Q36: =Q13/$E$13 -> 0.16666667 | R36: =R13/$E$13 -> 0.083333333 | S36: =S13/$E$13 -> 0 | ... X36: =X13/$E$13 -> 0 | Z36: P19 | AA36: =L20*$D$20 -> 0 | AB36: =M20*$D$20 -> 0 | AC36: =N20*$D$20 -> 0 | AD36: =O20*$D$20 -> 0 | AE36: =P20*$D$20 -> 0 | AF36: =Q20*$D$20 -> 0 | AG36: =R20*$D$20 -> 0 | AH36: =S20*$D$20 -> 0 | ... AM36: =X20*$D$20 -> 217207.5
K37: P13 | L37: =L14/$E$14 -> 0 | M37: =M14/$E$14 -> 0 | N37: =N14/$E$14 -> 0 | O37: =O14/$E$14 -> 0 | P37: =P14/$E$14 -> 0.16666667 | Q37: =Q14/$E$14 -> 0.3 | R37: =R14/$E$14 -> 0.1 | S37: =S14/$E$14 -> 0.26666667 | ... X37: =X14/$E$14 -> 0 | Z37: P20 | AA37: =L21*$D$21 -> 0 | AB37: =M21*$D$21 -> 0 | AC37: =N21*$D$21 -> 0 | AD37: =O21*$D$21 -> 0 | AE37: =P21*$D$21 -> 0 | AF37: =Q21*$D$21 -> 0 | AG37: =R21*$D$21 -> 0 | AH37: =S21*$D$21 -> 0 | ... AM37: =X21*$D$21 -> 72564.3
K38: P14 | L38: =L15/$E$15 -> 0 | M38: =M15/$E$15 -> 0 | N38: =N15/$E$15 -> 0 | O38: =O15/$E$15 -> 0 | P38: =P15/$E$15 -> 0.21052632 | Q38: =Q15/$E$15 -> 0.31578947 | R38: =R15/$E$15 -> 0.10526316 | S38: =S15/$E$15 -> 0.36842105 | ... X38: =X15/$E$15 -> 0 | Z38: Sum | AA38: =SUM(AA18:AA37) -> 81695.419 | AB38: =SUM(AB18:AB37) -> 260587.56 | AC38: =SUM(AC18:AC37) -> 64650.675 | AD38: =SUM(AD18:AD37) -> 356793.49 | AE38: =SUM(AE18:AE37) -> 162896.62 | AF38: =SUM(AF18:AF37) -> 178942.48 | AG38: =SUM(AG18:AG37) -> 64453.875 | AH38: =SUM(AH18:AH37) -> 245652.38 | ... AM38: =SUM(AM18:AM37) -> 400173.6
K39: P15 | L39: =L16/$E$16 -> 0 | M39: =M16/$E$16 -> 0 | N39: =N16/$E$16 -> 0 | O39: =O16/$E$16 -> 0 | P39: =P16/$E$16 -> 0.1 | Q39: =Q16/$E$16 -> 0.16666667 | R39: =R16/$E$16 -> 0.066666667 | S39: =S16/$E$16 -> 0.33333333 | ... X39: =X16/$E$16 -> 0 | Z39: Sum Capacity | AA39: =5*16*60*L78 -> 96000 | AB39: =5*16*60*M78 -> 297600 | AC39: =5*16*60*N78 -> 76800 | AD39: =5*16*60*O78 -> 408000 | AE39: =5*16*60*P78 -> 187200 | AF39: =5*16*60*Q78 -> 206400 | AG39: =5*16*60*R78 -> 76800 | AH39: =5*16*60*S78 -> 283200 | ... AM39: =5*16*60*X78 -> 456000
K40: P16 | L40: =L17/$E$17 -> 0 | M40: =M17/$E$17 -> 0 | N40: =N17/$E$17 -> 0 | O40: =O17/$E$17 -> 0 | P40: =P17/$E$17 -> 0 | Q40: =Q17/$E$17 -> 0.125 | R40: =R17/$E$17 -> 0 | S40: =S17/$E$17 -> 0.5 | ... X40: =X17/$E$17 -> 0 | Z40: Utilization | AA40: =AA38/AA39 -> 0.85099395 | AB40: =AB38/AB39 -> 0.87563023 | AC40: =AC38/AC39 -> 0.84180566 | AD40: =AD38/AD39 -> 0.87449384 | AE40: =AE38/AE39 -> 0.87017428 | AF40: =AF38/AF39 -> 0.86696939 | AG40: =AG38/AG39 -> 0.83924316 | AH40: =AH38/AH39 -> 0.86741658 | ... AM40: =AM38/AM39 -> 0.87757368
K41: P17 | L41: =L18/$E$18 -> 0 | M41: =M18/$E$18 -> 0 | N41: =N18/$E$18 -> 0 | O41: =O18/$E$18 -> 0 | P41: =P18/$E$18 -> 0 | Q41: =Q18/$E$18 -> 0 | R41: =R18/$E$18 -> 0 | S41: =S18/$E$18 -> 0 | ... X41: =X18/$E$18 -> 0.48275862
K42: P18 | L42: =L19/$E$19 -> 0 | M42: =M19/$E$19 -> 0 | N42: =N19/$E$19 -> 0 | O42: =O19/$E$19 -> 0 | P42: =P19/$E$19 -> 0 | Q42: =Q19/$E$19 -> 0 | R42: =R19/$E$19 -> 0 | S42: =S19/$E$19 -> 0 | ... X42: =X19/$E$19 -> 0.6 | AK42: Overall utilization | AM42: =(SUM(AA38:AM38)/SUM(AA39:AM39)) -> 0.87079165
K43: P19 | L43: =L20/$E$20 -> 0 | M43: =M20/$E$20 -> 0 | N43: =N20/$E$20 -> 0 | O43: =O20/$E$20 -> 0 | P43: =P20/$E$20 -> 0 | Q43: =Q20/$E$20 -> 0 | R43: =R20/$E$20 -> 0 | S43: =S20/$E$20 -> 0 | ... X43: =X20/$E$20 -> 0.5952381
K44: P20 | L44: =L21/$E$21 -> 0 | M44: =M21/$E$21 -> 0 | N44: =N21/$E$21 -> 0 | O44: =O21/$E$21 -> 0 | P44: =P21/$E$21 -> 0 | Q44: =Q21/$E$21 -> 0 | R44: =R21/$E$21 -> 0 | S44: =S21/$E$21 -> 0 | ... X44: =X21/$E$21 -> 0.52173913
K47: Weekly_capacity_minutes | L47: A | M47: B | N47: C | O47: D | P47: E | Q47: F | R47: G | S47: H | T47: I | U47: J | V47: K | W47: L | X47: M | Z47: Part | AA47: Dimensions | AE47: Materials
K48: P1 | L48: =L25*$G$2 -> 40817.262 | M48: =M25*$G$2 -> 204086.31 | N48: =N25*$G$2 -> 20408.631 | O48: =O25*$G$2 -> 102043.15 | P48: =P25*$G$2 -> 0 | Q48: =Q25*$G$2 -> 0 | R48: =R25*$G$2 -> 0 | S48: =S25*$G$2 -> 0 | ... X48: =X25*$G$2 -> 0 | Z48: Identifier | AA48: X (in.) | AB48: Y (in.) | AC48: Z (in.) | AD48: Weight (lbs) | AE48: Price/unit
K49: P2 | L49: =L26*$G$3 -> 27063.35 | M49: =M26*$G$3 -> 0 | N49: =N26*$G$3 -> 10825.34 | O49: =O26*$G$3 -> 54126.701 | P49: =P26*$G$3 -> 0 | Q49: =Q26*$G$3 -> 0 | R49: =R26*$G$3 -> 0 | S49: =S26*$G$3 -> 21650.68 | ... X49: =X26*$G$3 -> 0 | Z49: P1 | AA49: 2 | AB49: 6 | AC49: 6 | AD49: 2 | AE49: 12 | AF49: =AE49*D2 -> 432009.9
K50: P3 | L50: =L27*$G$4 -> 0 | M50: =M27*$G$4 -> 25669.048 | N50: =N27*$G$4 -> 11001.02 | O50: =O27*$G$4 -> 44004.082 | P50: =P27*$G$4 -> 0 | Q50: =Q27*$G$4 -> 0 | R50: =R27*$G$4 -> 0 | S50: =S27*$G$4 -> 0 | ... X50: =X27*$G$4 -> 0 | Z50: P2 | AA50: 8 | AB50: 8 | AC50: 4 | AD50: 14 | AE50: 100 | AF50: =AE50*D3 -> 1909590
K51: P4 | L51: =L28*$G$5 -> 17710.204 | M51: =M28*$G$5 -> 35420.408 | N51: =N28*$G$5 -> 0 | O51: =O28*$G$5 -> 53130.612 | P51: =P28*$G$5 -> 0 | Q51: =Q28*$G$5 -> 0 | R51: =R28*$G$5 -> 4427.551 | S51: =S28*$G$5 -> 22137.755 | ... X51: =X28*$G$5 -> 0 | Z51: P3 | AA51: 6 | AB51: 6 | AC51: 6 | AD51: 6 | AE51: 50 | AF51: =AE51*D4 -> 646860
K52: P5 | L52: =L29*$G$6 -> 0 | M52: =M29*$G$6 -> 18551.02 | N52: =N29*$G$6 -> 9275.5102 | O52: =O29*$G$6 -> 43285.714 | P52: =P29*$G$6 -> 0 | Q52: =Q29*$G$6 -> 0 | R52: =R29*$G$6 -> 0 | S52: =S29*$G$6 -> 0 | ... X52: =X29*$G$6 -> 0 | Z52: P4 | AA52: 12 | AB52: 6 | AC52: 4 | AD52: 16 | AE52: 120 | AF52: =AE52*D5 -> 1874448
K53: P6 | L53: =L30*$G$7 -> 7034.375 | M53: =M30*$G$7 -> 11723.958 | N53: =N30*$G$7 -> 4689.5833 | O53: =O30*$G$7 -> 28137.5 | P53: =P30*$G$7 -> 0 | Q53: =Q30*$G$7 -> 0 | R53: =R30*$G$7 -> 0 | S53: =S30*$G$7 -> 9379.1667 | ... X53: =X30*$G$7 -> 0 | Z53: P5 | AA53: 8 | AB53: 4 | AC53: 6 | AD53: 5 | AE53: 50 | AF53: =AE53*D6 -> 545400
K54: P7 | L54: =L31*$G$8 -> 0 | M54: =M31*$G$8 -> 0 | N54: =N31*$G$8 -> 17100 | O54: =O31*$G$8 -> 79800 | P54: =P31*$G$8 -> 22800 | Q54: =Q31*$G$8 -> 34200 | R54: =R31*$G$8 -> 0 | S54: =S31*$G$8 -> 0 | ... X54: =X31*$G$8 -> 0 | Z54: P6 | AA54: 2 | AB54: 8 | AC54: 6 | AD54: 3 | AE54: 15 | AF54: =AE54*D7 -> 124086.37
K55: P8 | L55: =L32*$G$9 -> 0 | M55: =M32*$G$9 -> 0 | N55: =N32*$G$9 -> 0 | O55: =O32*$G$9 -> 0 | P55: =P32*$G$9 -> 13357.143 | Q55: =Q32*$G$9 -> 0 | R55: =R32*$G$9 -> 0 | S55: =S32*$G$9 -> 21371.429 | ... X55: =X32*$G$9 -> 0 | Z55: P7 | AA55: 2 | AB55: 2 | AC55: 12 | AD55: 1 | AE55: 25 | AF55: =AE55*D8 -> 502740
K56: P9 | L56: =L33*$G$10 -> 0 | M56: =M33*$G$10 -> 0 | N56: =N33*$G$10 -> 0 | O56: =O33*$G$10 -> 0 | P56: =P33*$G$10 -> 17606.293 | Q56: =Q33*$G$10 -> 24648.81 | R56: =R33*$G$10 -> 17606.293 | S56: =S33*$G$10 -> 0 | ... X56: =X33*$G$10 -> 0 | Z56: P8 | AA56: 4 | AB56: 4 | AC56: 4 | AD56: 1 | AE56: 20 | AF56: =AE56*D9 -> 188496
K57: P10 | L57: =L34*$G$11 -> 0 | M57: =M34*$G$11 -> 0 | N57: =N34*$G$11 -> 0 | O57: =O34*$G$11 -> 0 | P57: =P34*$G$11 -> 14116.199 | Q57: =Q34*$G$11 -> 16468.899 | R57: =R34*$G$11 -> 0 | S57: =S34*$G$11 -> 0 | ... X57: =X34*$G$11 -> 0 | Z57: P9 | AA57: 2 | AB57: 4 | AC57: 12 | AD57: 2 | AE57: 40 | AF57: =AE57*D10 -> 496920
K58: P11 | L58: =L35*$G$12 -> 0 | M58: =M35*$G$12 -> 0 | N58: =N35*$G$12 -> 0 | O58: =O35*$G$12 -> 0 | P58: =P35*$G$12 -> 46895.833 | Q58: =Q35*$G$12 -> 0 | R58: =R35*$G$12 -> 14068.75 | S58: =S35*$G$12 -> 0 | ... X58: =X35*$G$12 -> 0 | Z58: P10 | AA58: 4 | AB58: 4 | AC58: 4 | AD58: 1 | AE58: 20 | AF58: =AE58*D11 -> 166006.5
K59: P12 | L59: =L36*$G$13 -> 0 | M59: =M36*$G$13 -> 0 | N59: =N36*$G$13 -> 0 | O59: =O36*$G$13 -> 0 | P59: =P36*$G$13 -> 21587.415 | Q59: =Q36*$G$13 -> 21587.415 | R59: =R36*$G$13 -> 10793.707 | S59: =S36*$G$13 -> 0 | ... X59: =X36*$G$13 -> 0 | Z59: P11 | AA59: 4 | AB59: 6 | AC59: 4 | AD59: 2 | AE59: 30 | AF59: =AE59*D12 -> 496345.5
K60: P13 | L60: =L37*$G$14 -> 0 | M60: =M37*$G$14 -> 0 | N60: =N37*$G$14 -> 0 | O60: =O37*$G$14 -> 0 | P60: =P37*$G$14 -> 13492.134 | Q60: =Q37*$G$14 -> 24285.842 | R60: =R37*$G$14 -> 8095.2806 | S60: =S37*$G$14 -> 21587.415 | ... X60: =X37*$G$14 -> 0 | Z60: P12 | AA60: 6 | AB60: 6 | AC60: 4 | AD60: 2 | AE60: 30 | AF60: =AE60*D13 -> 571203
K61: P14 | L61: =L38*$G$15 -> 0 | M61: =M38*$G$15 -> 0 | N61: =N38*$G$15 -> 0 | O61: =O38*$G$15 -> 0 | P61: =P38*$G$15 -> 30827.891 | Q61: =Q38*$G$15 -> 46241.837 | R61: =R38*$G$15 -> 15413.946 | S61: =S38*$G$15 -> 53948.81 | ... X61: =X38*$G$15 -> 0 | Z61: P13 | AA61: 2 | AB61: 2 | AC61: 12 | AD61: 1 | AE61: 25 | AF61: =AE61*D14 -> 238001.25
K62: P15 | L62: =L39*$G$16 -> 0 | M62: =M39*$G$16 -> 0 | N62: =N39*$G$16 -> 0 | O62: =O39*$G$16 -> 0 | P62: =P39*$G$16 -> 4007.1429 | Q62: =Q39*$G$16 -> 6678.5714 | R62: =R39*$G$16 -> 2671.4286 | S62: =S39*$G$16 -> 13357.143 | ... X62: =X39*$G$16 -> 0 | Z62: P14 | AA62: 2 | AB62: 4 | AC62: 6 | AD62: 1 | AE62: 20 | AF62: =AE62*D15 -> 543804
K63: P16 | L63: =L40*$G$17 -> 0 | M63: =M40*$G$17 -> 0 | N63: =N40*$G$17 -> 0 | O63: =O40*$G$17 -> 0 | P63: =P40*$G$17 -> 0 | Q63: =Q40*$G$17 -> 28771.258 | R63: =R40*$G$17 -> 0 | S63: =S40*$G$17 -> 115085.03 | ... X63: =X40*$G$17 -> 0 | Z63: P15 | AA63: 4 | AB63: 6 | AC63: 4 | AD63: 2 | AE63: 25 | AF63: =AE63*D16 -> 117810
K64: P17 | L64: =L41*$G$18 -> 0 | M64: =M41*$G$18 -> 0 | N64: =N41*$G$18 -> 0 | O64: =O41*$G$18 -> 0 | P64: =P41*$G$18 -> 0 | Q64: =Q41*$G$18 -> 0 | R64: =R41*$G$18 -> 0 | S64: =S41*$G$18 -> 0 | ... X64: =X41*$G$18 -> 37777.976 | Z64: P16 | AA64: 4 | AB64: 4 | AC64: 4 | AD64: 1 | AE64: 20 | AF64: =AE64*D17 -> 406020
K65: P18 | L65: =L42*$G$19 -> 0 | M65: =M42*$G$19 -> 0 | N65: =N42*$G$19 -> 0 | O65: =O42*$G$19 -> 0 | P65: =P42*$G$19 -> 0 | Q65: =Q42*$G$19 -> 0 | R65: =R42*$G$19 -> 0 | S65: =S42*$G$19 -> 0 | ... X65: =X42*$G$19 -> 87394.133 | Z65: P17 | AA65: 12 | AB65: 2 | AC65: 2 | AD65: 4 | AE65: 80 | AF65: =AE65*D18 -> 761604
K66: P19 | L66: =L43*$G$20 -> 0 | M66: =M43*$G$20 -> 0 | N66: =N43*$G$20 -> 0 | O66: =O43*$G$20 -> 0 | P66: =P43*$G$20 -> 0 | Q66: =Q43*$G$20 -> 0 | R66: =R43*$G$20 -> 0 | S66: =S43*$G$20 -> 0 | ... X66: =X43*$G$20 -> 246267.01 | Z66: P18 | AA66: 12 | AB66: 2 | AC66: 2 | AD66: 4 | AE66: 80 | AF66: =AE66*D19 -> 1644408
K67: P20 | L67: =L44*$G$21 -> 0 | M67: =M44*$G$21 -> 0 | N67: =N44*$G$21 -> 0 | O67: =O44*$G$21 -> 0 | P67: =P44*$G$21 -> 0 | Q67: =Q44*$G$21 -> 0 | R67: =R44*$G$21 -> 0 | S67: =S44*$G$21 -> 0 | ... X67: =X44*$G$21 -> 82272.449 | Z67: P19 | AA67: 12 | AB67: 2 | AC67: 2 | AD67: 4 | AE67: 80 | AF67: =AE67*D20 -> 2780256
Z68: P20 | AA68: 12 | AB68: 2 | AC68: 2 | AD68: 4 | AE68: 80 | AF68: =AE68*D21 -> 1935048
K69: SUM(minutes) | L69: =SUM(L48:L67) -> 92625.191 | M69: =SUM(M48:M67) -> 295450.74 | N69: =SUM(N48:N67) -> 73300.085 | O69: =SUM(O48:O67) -> 404527.76 | P69: =SUM(P48:P67) -> 184690.05 | Q69: =SUM(Q48:Q67) -> 202882.63 | R69: =SUM(R48:R67) -> 73076.956 | S69: =SUM(S48:S67) -> 278517.43 | ... X69: =SUM(X48:X67) -> 453711.56 | AC69: Weekly material cost | AF69: =SUM(AF49:AF68) -> 16381057
K70: Total Time(1 shift) | L70: =8*60*5 -> 2400 | M70: =8*60*5 -> 2400 | N70: =8*60*5 -> 2400 | O70: =8*60*5 -> 2400 | P70: =8*60*5 -> 2400 | Q70: =8*60*5 -> 2400 | R70: =8*60*5 -> 2400 | S70: =8*60*5 -> 2400 | ... X70: =8*60*5 -> 2400 | AC70: Yearly material cost | AF70: =AF69*49 -> 8.0267177e+08
K71: Total Time(2 shifts) | L71: =16*5*60 -> 4800 | M71: =16*5*60 -> 4800 | N71: =16*5*60 -> 4800 | O71: =16*5*60 -> 4800 | P71: =16*5*60 -> 4800 | Q71: =16*5*60 -> 4800 | R71: =16*5*60 -> 4800 | S71: =16*5*60 -> 4800 | ... X71: =16*5*60 -> 4800
K73: # of machines(1 shift) | L73: =L69/L70 -> 38.59383 | M73: =M69/M70 -> 123.10448 | N73: =N69/N70 -> 30.541702 | O73: =O69/O70 -> 168.55323 | P73: =P69/P70 -> 76.954188 | Q73: =Q69/Q70 -> 84.53443 | R73: =R69/R70 -> 30.448732 | S73: =S69/S70 -> 116.04893 | ... X73: =X69/X70 -> 189.04649
K74: # of machines(2 shift) | L74: =L69/L71 -> 19.296915 | M74: =M69/M71 -> 61.552238 | N74: =N69/N71 -> 15.270851 | O74: =O69/O71 -> 84.276617 | P74: =P69/P71 -> 38.477094 | Q74: =Q69/Q71 -> 42.267215 | R74: =R69/R71 -> 15.224366 | S74: =S69/S71 -> 58.024465 | ... X74: =X69/X71 -> 94.523243
K76: rounded ans | L76: A | M76: B | N76: C | O76: D | P76: E | Q76: F | R76: G | S76: H | T76: I | U76: J | V76: K | W76: L | X76: M
K77: # of machines(1 shift) | L77: =ROUNDUP(L73,0) -> 39 | M77: =ROUNDUP(M73,0) -> 124 | N77: =ROUNDUP(N73,0) -> 31 | O77: =ROUNDUP(O73,0) -> 169 | P77: =ROUNDUP(P73,0) -> 77 | Q77: =ROUNDUP(Q73,0) -> 85 | R77: =ROUNDUP(R73,0) -> 31 | S77: =ROUNDUP(S73,0) -> 117 | ... X77: =ROUNDUP(X73,0) -> 190 | Y77: Total
K78: # of machines(2 shift) | L78: =ROUNDUP(L74,0) -> 20 | M78: =ROUNDUP(M74,0) -> 62 | N78: =ROUNDUP(N74,0) -> 16 | O78: =ROUNDUP(O74,0) -> 85 | P78: =ROUNDUP(P74,0) -> 39 | Q78: =ROUNDUP(Q74,0) -> 43 | R78: =ROUNDUP(R74,0) -> 16 | S78: =ROUNDUP(S74,0) -> 59 | ... X78: =ROUNDUP(X74,0) -> 95 | Y78: =SUM(L78:X78) -> 656
K79: # of new machines | L79: =L78-'Y3'!L78 -> 0 | M79: =M78-'Y3'!M78 -> 2 | N79: =N78-'Y3'!N78 -> 0 | O79: =O78-'Y3'!O78 -> 1 | P79: =P78-'Y3'!P78 -> 0 | Q79: =Q78-'Y3'!Q78 -> -1 | R79: =R78-'Y3'!R78 -> 0 | S79: =S78-'Y3'!S78 -> 2 | ... Y79: =Y78-'Y3'!Y78 -> 8
K81: inner size | L81: 7 | M81: 7 | N81: 7 | O81: 7 | P81: 6 | Q81: 6 | R81: 6 | S81: 5 | T81: 5 | U81: 5 | V81: 3 | W81: 3 | X81: 3
L82: 8 | M82: 8 | N82: 8 | O82: 8 | P82: 16 | Q82: 16 | R82: 16 | S82: 24 | T82: 24 | U82: 24 | V82: 6 | W82: 6 | X82: 6
K83: outer size | L83: 14 | M83: 14 | N83: 14 | O83: 14 | P83: 22 | Q83: 22 | R83: 22 | S83: 14 | T83: 14 | U83: 14 | V83: 14 | W83: 14 | X83: 14
L84: 14 | M84: 14 | N84: 14 | O84: 14 | P84: 15 | Q84: 15 | R84: 15 | S84: 36 | T84: 36 | U84: 36 | V84: 7 | W84: 7 | X84: 7
K86: Operators hourly cost/each machine | L86: =1*20+1/4*40 -> 30 | M86: =1*20+1/4*40 -> 30 | N86: =1*20+1/4*40 -> 30 | O86: =1*20+1/4*40 -> 30 | P86: =1*20+1/2*60 -> 50 | Q86: =1*20+1/2*60 -> 50 | R86: =1*20+1/2*60 -> 50 | S86: 120 | T86: 120 | U86: 120 | V86: 20 | W86: 20 | X86: 20
K87: Installed price | L87: 150000 | M87: 200000 | N87: 250000 | O87: 300000 | P87: 400000 | Q87: 400000 | R87: 400000 | S87: 1000000 | T87: 500000 | U87: 500000 | V87: 80000 | W87: 100000 | X87: 50000
K89: # of personnel/each machine | L89: A | M89: B | N89: C | O89: D | P89: E | Q89: F | R89: G | S89: H | T89: I | U89: J | V89: K | W89: L | X89: M
K90: C1 | L90: 1 | M90: 1 | N90: 1 | O90: 1 | P90: 1 | Q90: 1 | R90: 1 | S90: 0 | T90: 0 | U90: 0 | V90: 0 | W90: 0 | X90: 0
K91: C2 | L91: 0.25 | M91: 0.25 | N91: 0.25 | O91: 0.25 | P91: 0 | Q91: 0 | R91: 0 | S91: 0 | T91: 0 | U91: 0 | V91: 0.5 | W91: 0.5 | X91: 0.5
K92: C3 | L92: 0 | M92: 0 | N92: 0 | O92: 0 | P92: 0.5 | Q92: 0.5 | R92: 0.5 | S92: 2 | T92: 2 | U92: 2 | V92: 0 | W92: 0 | X92: 0
K94: Total working hours( 2 shifts, 49 weeks) | L94: =49*5*16 -> 3920 | M94: =49*5*16 -> 3920 | N94: =49*5*16 -> 3920 | O94: =49*5*16 -> 3920 | P94: =49*5*16 -> 3920 | Q94: =49*5*16 -> 3920 | R94: =49*5*16 -> 3920 | S94: =49*5*16 -> 3920 | ... X94: =49*5*16 -> 3920
K96: Total # of personnel | L96: A | M96: B | N96: C | O96: D | P96: E | Q96: F | R96: G | S96: H | T96: I | U96: J | V96: K | W96: L | X96: M | Y96: SUM
K97: C1 | L97: =ROUNDUP(L90*L78*2,0) -> 40 | M97: =ROUNDUP(M90*M78*2,0) -> 124 | N97: =ROUNDUP(N90*N78*2,0) -> 32 | O97: =ROUNDUP(O90*O78*2,0) -> 170 | P97: =ROUNDUP(P90*P78*2,0) -> 78 | Q97: =ROUNDUP(Q90*Q78*2,0) -> 86 | R97: =ROUNDUP(R90*R78*2,0) -> 32 | S97: =ROUNDUP(S90*S78*2,0) -> 0 | ... X97: =ROUNDUP(X90*X78*2,0) -> 0 | Y97: =SUM(L97:X97) -> 562
K98: C2 | L98: =ROUNDUP(L91*L78*2,0) -> 10 | M98: =ROUNDUP(M91*M78*2,0) -> 31 | N98: =ROUNDUP(N91*N78*2,0) -> 8 | O98: =ROUNDUP(O91*O78*2,0) -> 43 | P98: =ROUNDUP(P91*P78*2,0) -> 0 | Q98: =ROUNDUP(Q91*Q78*2,0) -> 0 | R98: =ROUNDUP(R91*R78*2,0) -> 0 | S98: =ROUNDUP(S91*S78*2,0) -> 0 | ... X98: =ROUNDUP(X91*X78*2,0) -> 95 | Y98: =SUM(L98:X98) -> 260
K99: C3 | L99: =ROUNDUP(L92*L78*2,0) -> 0 | M99: =ROUNDUP(M92*M78*2,0) -> 0 | N99: =ROUNDUP(N92*N78*2,0) -> 0 | O99: =ROUNDUP(O92*O78*2,0) -> 0 | P99: =ROUNDUP(P92*P78*2,0) -> 39 | Q99: =ROUNDUP(Q92*Q78*2,0) -> 43 | R99: =ROUNDUP(R92*R78*2,0) -> 16 | S99: =ROUNDUP(S92*S78*2,0) -> 236 | ... X99: =ROUNDUP(X92*X78*2,0) -> 0 | Y99: =SUM(L99:X99) -> 926
K100: Center-specific total | L100: =SUM(L97:L99) -> 50 | M100: =SUM(M97:M99) -> 155 | N100: =SUM(N97:N99) -> 40 | O100: =SUM(O97:O99) -> 213 | P100: =SUM(P97:P99) -> 117 | Q100: =SUM(Q97:Q99) -> 129 | R100: =SUM(R97:R99) -> 48 | S100: =SUM(S97:S99) -> 236 | ... Y100: =SUM(Y97:Y99) -> 1748
K101: # of new personnel | L101: =L100-'Y3'!L100 -> 0 | M101: =M100-'Y3'!M100 -> 5 | N101: =N100-'Y3'!N100 -> 0 | O101: =O100-'Y3'!O100 -> 3 | P101: =P100-'Y3'!P100 -> 0 | Q101: =Q100-'Y3'!Q100 -> -3 | R101: =R100-'Y3'!R100 -> 0 | S101: =S100-'Y3'!S100 -> 8 | ... X101: =X100-'Y3'!X100 -> 1
K103: Annual Installed fee | L103: =L78*L87/10 -> 300000 | M103: =M78*M87/10 -> 1240000 | N103: =N78*N87/10 -> 400000 | O103: =O78*O87/10 -> 2550000 | P103: =P78*P87/10 -> 1560000 | Q103: =Q78*Q87/10 -> 1720000 | R103: =R78*R87/10 -> 640000 | S103: =S78*S87/15 -> 3933333.3 | T103: =T78*T87/15 -> 1800000 | U103: =U78*U87/15 -> 3133333.3 | V103: =V78*V87/8 -> 130000 | W103: =W78*W87/8 -> 750000 | X103: =X78*X87/8 -> 593750
K104: Annual operator cost | L104: =L86*16*5*49*L78 -> 2352000 | M104: =M86*16*5*49*M78 -> 7291200 | N104: =N86*16*5*49*N78 -> 1881600 | O104: =O86*16*5*49*O78 -> 9996000 | P104: =P86*16*5*49*P78 -> 7644000 | Q104: =Q86*16*5*49*Q78 -> 8428000 | R104: =R86*16*5*49*R78 -> 3136000 | S104: =S86*16*5*49*S78 -> 27753600 | ... X104: =X86*16*5*49*X78 -> 7448000
K107: Total Installed cost | L107: =SUM(L103:X103) -> 18750417
K108: Total operator cost | L108: =SUM(L104:X104) -> 151272800
K109: Total Land Fee | L109: =882*344*250 -> 75852000
K110: Total Cost | L110: =SUM(L107:L109) -> 2.4587522e+08

Sheet Y5
A1: Part | B1: Annual_Demand_Mean_Units | C1: Weekly_Demand_StdDev_Units | D1: Weekly_Robust_Demand_99p5_Units | E1: Total_Minutes_Per_Unit | F1: Weekly_Robust_Net_Minutes | G1: Weekly_Robust_Gross_Minutes | K1: Time | L1: A | M1: B | N1: C | O1: D | P1: E | Q1: F | R1: G | S1: H | T1: I | U1: J | V1: K | W1: L | X1: M | Z1: Distance | AA1: A | AB1: B | AC1: C | AD1: D | AE1: E | AF1: F | AG1: G | AH1: H | AI1: I | AJ1: J | AK1: K | AL1: L | AM1: M
A2: P1 | B2: 1549600 | C2: 3474.1906 | D2: 36629.575 | E2: 12.75 | F2: 494048.75 | G2: 529509.16 | K2: P1 | L2: 1 | M2: 5 | N2: 0.5 | O2: 2.5 | P2: 0 | Q2: 0 | R2: 0 | S2: 0 | T2: 1.25 | U2: 2.5 | V2: 0 | W2: 0 | X2: 0 | Z2: A | AA2: 0 | AB2: 146 | AC2: 311 | AD2: 0 | AE2: 0 | AF2: 0 | AG2: 0 | AH2: 0 | AI2: 0 | AJ2: 0 | AK2: 0 | AL2: 0 | AM2: 0
A3: P2 | B3: 769600 | C3: 1772.7098 | D3: 18007.5 | E3: 7.75 | F3: 150088.03 | G3: 158229.17 | K3: P2 | L3: 1.25 | M3: 0 | N3: 0.5 | O3: 2.5 | P3: 0 | Q3: 0 | R3: 0 | S3: 1 | T3: 0 | U3: 2.5 | V3: 0 | W3: 0 | X3: 0 | Z3: B | AA3: 146 | AB3: 0 | AC3: 165 | AD3: 357 | AE3: 0 | AF3: 0 | AG3: 0 | AH3: 0 | AI3: 0 | AJ3: 0 | AK3: 0 | AL3: 0 | AM3: 0
A4: P3 | B4: 1398800 | C4: 2426.2935 | D4: 14423.45 | E4: 9.5 | F4: 314922.32 | G4: 155354.62 | K4: P3 | L4: 0 | M4: 1.75 | N4: 0.75 | O4: 3 | P4: 0 | Q4: 0 | R4: 0 | S4: 0 | T4: 1.5 | U4: 2.5 | V4: 0 | W4: 0 | X4: 0 | Z4: C | AA4: 0 | AB4: 0 | AC4: 0 | AD4: 193 | AE4: 0 | AF4: 0 | AG4: 0 | AH4: 0 | AI4: =236+211 -> 447 | AJ4: 0 | AK4: 0 | AL4: 0 | AM4: 0
A5: P4 | B5: 577200 | C5: 1723.3688 | D5: 15992.5 | E5: 7.5 | F5: 116543.28 | G5: 135990.65 | K5: P4 | L5: 1 | M5: 2 | N5: 0 | O5: 3 | P5: 0 | Q5: 0 | R5: 0.25 | S5: 1.25 | T5: 0 | U5: 0 | V5: 0 | W5: 0 | X5: 0 | Z5: D | AA5: 0 | AB5: 0 | AC5: 193 | AD5: 0 | AE5: 0 | AF5: 0 | AG5: 89 | AH5: =209+219 -> 428 | AI5: =428+209 -> 637 | AJ5: 0 | AK5: 0 | AL5: 0 | AM5: 0
A6: P5 | B6: 629200 | C6: 1506.1208 | D6: 10756.5 | E6: 7.5 | F6: 119846.33 | G6: 91466.837 | K6: P5 | L6: 0 | M6: 1.5 | N6: 0.75 | O6: 3.5 | P6: 0 | Q6: 0 | R6: 0 | S6: 0 | T6: 1.75 | U6: 0 | V6: 0 | W6: 0 | X6: 0 | Z6: E | AA6: 0 | AB6: 0 | AC6: 0 | AD6: 0 | AE6: 0 | AF6: 282 | AG6: 485 | AH6: =633+131 -> 764 | AI6: 0 | AJ6: 0 | AK6: 0 | AL6: 0 | AM6: 0
A7: P6 | B7: 650000 | C7: 756.6373 | D7: 8596.025 | E7: 10.5 | F7: 151714.17 | G7: 102333.63 | K7: P6 | L7: 0.75 | M7: 1.25 | N7: 0.5 | O7: 3 | P7: 0 | Q7: 0 | R7: 0 | S7: 1 | T7: 1.25 | U7: 2.75 | V7: 0 | W7: 0 | X7: 0 | Z7: F | AA7: 0 | AB7: 0 | AC7: 89 | AD7: 0 | AE7: 0 | AF7: 0 | AG7: 202 | AH7: 350 | AI7: =287+123 -> 410 | AJ7: 0 | AK7: 0 | AL7: 0 | AM7: 0
A8: P7 | B8: 884000 | C8: 1292.633 | D8: 18835.8 | E8: 10 | F8: 203296.02 | G8: 213557.82 | K8: P7 | L8: 0 | M8: 0 | N8: 0.75 | O8: 3.5 | P8: 1 | Q8: 1.5 | R8: 0 | S8: 0 | T8: 1.25 | U8: 2 | V8: 0 | W8: 0 | X8: 0 | Z8: G | AA8: 0 | AB8: 0 | AC8: 0 | AD8: 0 | AE8: =489 -> 489 | AF8: 202 | AG8: 0 | AH8: =148+131 -> 279 | AI8: =489+121 -> 610 | AJ8: 0 | AK8: 0 | AL8: 0 | AM8: 0
A9: P8 | B9: 1279200 | C9: 2322.9507 | D9: 10472 | E9: 4.75 | F9: 145271.74 | G9: 56396.825 | K9: P8 | L9: 0 | M9: 0 | N9: 0 | O9: 0 | P9: 1.25 | Q9: 0 | R9: 0 | S9: 2 | T9: 1 | U9: 0.5 | V9: 0 | W9: 0 | X9: 0 | Z9: H | AA9: 0 | AB9: 0 | AC9: 0 | AD9: 0 | AE9: 0 | AF9: 0 | AG9: 0 | AH9: 0 | AI9: =636 -> 636 | AJ9: =317 -> 317 | AK9: 0 | AL9: 0 | AM9: 0
A10: P9 | B10: 759200 | C10: 1563.2018 | D10: 11514 | E10: 8.5 | F10: 158325.6 | G10: 110962.59 | K10: P9 | L10: 0 | M10: 0 | N10: 0 | O10: 0 | P10: 1.25 | Q10: 1.75 | R10: 1.25 | S10: 0 | T10: 1.25 | U10: 3 | V10: 0 | W10: 0 | X10: 0 | Z10: I | AA10: 0 | AB10: 0 | AC10: 0 | AD10: 0 | AE10: 0 | AF10: 0 | AG10: 0 | AH10: 0 | AI10: 0 | AJ10: =319 -> 319 | AK10: 0 | AL10: 0 | AM10: 0
A11: P10 | B11: 416000 | C11: 878.91979 | D11: 8310.625 | E11: 6.5 | F11: 66715.658 | G11: 61246.103 | K11: P10 | L11: 0 | M11: 0 | N11: 0 | O11: 0 | P11: 1.5 | Q11: 1.75 | R11: 0 | S11: 0 | T11: 1.25 | U11: 2 | V11: 0 | W11: 0 | X11: 0 | Z11: J | AA11: 0 | AB11: 0 | AC11: 0 | AD11: 0 | AE11: 0 | AF11: 0 | AG11: 0 | AH11: 0 | AI11: 319 | AJ11: 0 | AK11: 0 | AL11: 0 | AM11: 0
A12: P11 | B12: 1445600 | C12: 2381.932 | D12: 17192.05 | E12: 4 | F12: 135741.8 | G12: 77968.481 | K12: P11 | L12: 0 | M12: 0 | N12: 0 | O12: 0 | P12: 2.5 | Q12: 0 | R12: 0.75 | S12: 0 | T12: 0.75 | U12: 0 | V12: 0 | W12: 0 | X12: 0 | Z12: K | AA12: 0 | AB12: 0 | AC12: 0 | AD12: 0 | AE12: 0 | AF12: 0 | AG12: 0 | AH12: 0 | AI12: 0 | AJ12: 0 | AK12: 0 | AL12: 85.5 | AM12: 95
A13: P12 | B13: 1549600 | C13: 2150.4418 | D13: 18578.3 | E13: 6 | F13: 212035.03 | G13: 126382.99 | K13: P12 | L13: 0 | M13: 0 | N13: 0 | O13: 0 | P13: 1 | Q13: 1 | R13: 0.5 | S13: 0 | T13: 1.25 | U13: 2.25 | V13: 0 | W13: 0 | X13: 0 | Z13: L | AA13: 0 | AB13: 0 | AC13: 0 | AD13: 0 | AE13: 0 | AF13: 0 | AG13: 0 | AH13: 0 | AI13: 0 | AJ13: 0 | AK13: 85.5 | AL13: 0 | AM13: =85.5+95 -> 180.5
A14: P13 | B14: 748800 | C14: 1203.4949 | D14: 9289.15 | E14: 7.5 | F14: 131249.98 | G14: 78989.371 | K14: P13 | L14: 0 | M14: 0 | N14: 0 | O14: 0 | P14: 1.25 | Q14: 2.25 | R14: 0.75 | S14: 2 | T14: 1.25 | U14: 0 | V14: 0 | W14: 0 | X14: 0 | Z14: M | AA14: 0 | AB14: 0 | AC14: 0 | AD14: 0 | AE14: 0 | AF14: 0 | AG14: 0 | AH14: 0 | AI14: 0 | AJ14: 0 | AK14: 0 | AL14: =180.5 -> 180.5 | AM14: 0
A15: P14 | B15: 1393600 | C15: 1959.5918 | D15: 26167.9 | E15: 4.75 | F15: 151275.98 | G15: 140926.9 | K15: P14 | L15: 0 | M15: 0 | N15: 0 | O15: 0 | P15: 1 | Q15: 1.5 | R15: 0.5 | S15: 1.75 | T15: 0 | U15: 0 | V15: 0 | W15: 0 | X15: 0
A16: P15 | B16: 634400 | C16: 1422.1463 | D16: 5236 | E16: 7.5 | F16: 118974.05 | G16: 44523.81 | K16: P15 | L16: 0 | M16: 0 | N16: 0 | O16: 0 | P16: 0.75 | Q16: 1.25 | R16: 0.5 | S16: 2.5 | T16: 0 | U16: 2.5 | V16: 0 | W16: 0 | X16: 0
A17: P16 | B17: 712400 | C17: 2801.7851 | D17: 20755.5 | E17: 10 | F17: 209169.2 | G17: 235323.13 | K17: P16 | L17: 0 | M17: 0 | N17: 0 | O17: 0 | P17: 0 | Q17: 1.25 | R17: 0 | S17: 5 | T17: 1.25 | U17: 2.5 | V17: 0 | W17: 0 | X17: 0 | Z17: Capacity | AA17: A | AB17: B | AC17: C | AD17: D | AE17: E | AF17: F | AG17: G | AH17: H | AI17: I | AJ17: J | AK17: K | AL17: L | AM17: M
A18: P17 | B18: 967200 | C18: 1271.2592 | D18: 9289.15 | E18: 7.25 | F18: 158590.46 | G18: 76356.392 | K18: P17 | L18: 0 | M18: 0 | N18: 0 | O18: 0 | P18: 0 | Q18: 0 | R18: 0 | S18: 0 | T18: 0 | U18: 0 | V18: 0.75 | W18: 3 | X18: 3.5 | Z18: P1 | AA18: =L2*$D$2 -> 36629.575 | AB18: =M2*$D$2 -> 183147.88 | AC18: =N2*$D$2 -> 18314.787 | AD18: =O2*$D$2 -> 91573.938 | AE18: =P2*$D$2 -> 0 | AF18: =Q2*$D$2 -> 0 | AG18: =R2*$D$2 -> 0 | AH18: =S2*$D$2 -> 0 | ... AM18: =X2*$D$2 -> 0
A19: P18 | B19: 1159600 | C19: 1515.1238 | D19: 19335.8 | E19: 6.25 | F19: 163766.88 | G19: 137016.72 | K19: P18 | L19: 0 | M19: 0 | N19: 0 | O19: 0 | P19: 0 | Q19: 0 | R19: 0 | S19: 0 | T19: 0 | U19: 0 | V19: 1.25 | W19: 1.25 | X19: 3.75 | Z19: P2 | AA19: =L3*$D$3 -> 22509.375 | AB19: =M3*$D$3 -> 0 | AC19: =N3*$D$3 -> 9003.75 | AD19: =O3*$D$3 -> 45018.75 | AE19: =P3*$D$3 -> 0 | AF19: =Q3*$D$3 -> 0 | AG19: =R3*$D$3 -> 0 | AH19: =S3*$D$3 -> 18007.5 | ... AM19: =X3*$D$3 -> 0
A20: P19 | B20: 1638000 | C20: 3488.911 | D20: 35936.45 | E20: 10.5 | F20: 425111.81 | G20: 427814.88 | K20: P19 | L20: 0 | M20: 0 | N20: 0 | O20: 0 | P20: 0 | Q20: 0 | R20: 0 | S20: 0 | T20: 0 | U20: 0 | V20: 0 | W20: 4.25 | X20: 6.25 | Z20: P3 | AA20: =L4*$D$4 -> 0 | AB20: =M4*$D$4 -> 25241.038 | AC20: =N4*$D$4 -> 10817.588 | AD20: =O4*$D$4 -> 43270.35 | AE20: =P4*$D$4 -> 0 | AF20: =Q4*$D$4 -> 0 | AG20: =R4*$D$4 -> 0 | AH20: =S4*$D$4 -> 0 | ... AM20: =X4*$D$4 -> 0
A21: P20 | B21: 1336400 | C21: 2657.0661 | D21: 24367.5 | E21: 5.75 | F21: 187128.85 | G21: 158858.42 | K21: P20 | L21: 0 | M21: 0 | N21: 0 | O21: 0 | P21: 0 | Q21: 0 | R21: 0 | S21: 0 | T21: 0 | U21: 0 | V21: 0.75 | W21: 2 | X21: 3 | Z21: P4 | AA21: =L5*$D$5 -> 15992.5 | AB21: =M5*$D$5 -> 31985 | AC21: =N5*$D$5 -> 0 | AD21: =O5*$D$5 -> 47977.5 | AE21: =P5*$D$5 -> 0 | AF21: =Q5*$D$5 -> 0 | AG21: =R5*$D$5 -> 3998.125 | AH21: =S5*$D$5 -> 19990.625 | ... AM21: =X5*$D$5 -> 0
D22: =SUM(D2:D21) -> 339685.77 | Z22: P5 | AA22: =L6*$D$6 -> 0 | AB22: =M6*$D$6 -> 16134.75 | AC22: =N6*$D$6 -> 8067.375 | AD22: =O6*$D$6 -> 37647.75 | AE22: =P6*$D$6 -> 0 | AF22: =Q6*$D$6 -> 0 | AG22: =R6*$D$6 -> 0 | AH22: =S6*$D$6 -> 0 | ... AM22: =X6*$D$6 -> 0
Z23: P6 | AA23: =L7*$D$7 -> 6447.0187 | AB23: =M7*$D$7 -> 10745.031 | AC23: =N7*$D$7 -> 4298.0125 | AD23: =O7*$D$7 -> 25788.075 | AE23: =P7*$D$7 -> 0 | AF23: =Q7*$D$7 -> 0 | AG23: =R7*$D$7 -> 0 | AH23: =S7*$D$7 -> 8596.025 | ... AM23: =X7*$D$7 -> 0
K24: Proportion | L24: A | M24: B | N24: C | O24: D | P24: E | Q24: F | R24: G | S24: H | T24: I | U24: J | V24: K | W24: L | X24: M | Z24: P7 | AA24: =L8*$D$8 -> 0 | AB24: =M8*$D$8 -> 0 | AC24: =N8*$D$8 -> 14126.85 | AD24: =O8*$D$8 -> 65925.3 | AE24: =P8*$D$8 -> 18835.8 | AF24: =Q8*$D$8 -> 28253.7 | AG24: =R8*$D$8 -> 0 | AH24: =S8*$D$8 -> 0 | ... AM24: =X8*$D$8 -> 0
K25: P1 | L25: =L2/$E$2 -> 0.078431373 | M25: =M2/$E$2 -> 0.39215686 | N25: =N2/$E$2 -> 0.039215686 | O25: =O2/$E$2 -> 0.19607843 | P25: =P2/$E$2 -> 0 | Q25: =Q2/$E$2 -> 0 | R25: =R2/$E$2 -> 0 | S25: =S2/$E$2 -> 0 | ... X25: =X2/$E$2 -> 0 | Z25: P8 | AA25: =L9*$D$9 -> 0 | AB25: =M9*$D$9 -> 0 | AC25: =N9*$D$9 -> 0 | AD25: =O9*$D$9 -> 0 | AE25: =P9*$D$9 -> 13090 | AF25: =Q9*$D$9 -> 0 | AG25: =R9*$D$9 -> 0 | AH25: =S9*$D$9 -> 20944 | ... AM25: =X9*$D$9 -> 0
K26: P2 | L26: =L3/$E$3 -> 0.16129032 | M26: =M3/$E$3 -> 0 | N26: =N3/$E$3 -> 0.064516129 | O26: =O3/$E$3 -> 0.32258065 | P26: =P3/$E$3 -> 0 | Q26: =Q3/$E$3 -> 0 | R26: =R3/$E$3 -> 0 | S26: =S3/$E$3 -> 0.12903226 | ... X26: =X3/$E$3 -> 0 | Z26: P9 | AA26: =L10*$D$10 -> 0 | AB26: =M10*$D$10 -> 0 | AC26: =N10*$D$10 -> 0 | AD26: =O10*$D$10 -> 0 | AE26: =P10*$D$10 -> 14392.5 | AF26: =Q10*$D$10 -> 20149.5 | AG26: =R10*$D$10 -> 14392.5 | AH26: =S10*$D$10 -> 0 | ... AM26: =X10*$D$10 -> 0
K27: P3 | L27: =L4/$E$4 -> 0 | M27: =M4/$E$4 -> 0.18421053 | N27: =N4/$E$4 -> 0.078947368 | O27: =O4/$E$4 -> 0.31578947 | P27: =P4/$E$4 -> 0 | Q27: =Q4/$E$4 -> 0 | R27: =R4/$E$4 -> 0 | S27: =S4/$E$4 -> 0 | ... X27: =X4/$E$4 -> 0 | Z27: P10 | AA27: =L11*$D$11 -> 0 | AB27: =M11*$D$11 -> 0 | AC27: =N11*$D$11 -> 0 | AD27: =O11*$D$11 -> 0 | AE27: =P11*$D$11 -> 12465.938 | AF27: =Q11*$D$11 -> 14543.594 | AG27: =R11*$D$11 -> 0 | AH27: =S11*$D$11 -> 0 | ... AM27: =X11*$D$11 -> 0
K28: P4 | L28: =L5/$E$5 -> 0.13333333 | M28: =M5/$E$5 -> 0.26666667 | N28: =N5/$E$5 -> 0 | O28: =O5/$E$5 -> 0.4 | P28: =P5/$E$5 -> 0 | Q28: =Q5/$E$5 -> 0 | R28: =R5/$E$5 -> 0.033333333 | S28: =S5/$E$5 -> 0.16666667 | ... X28: =X5/$E$5 -> 0 | Z28: P11 | AA28: =L12*$D$12 -> 0 | AB28: =M12*$D$12 -> 0 | AC28: =N12*$D$12 -> 0 | AD28: =O12*$D$12 -> 0 | AE28: =P12*$D$12 -> 42980.125 | AF28: =Q12*$D$12 -> 0 | AG28: =R12*$D$12 -> 12894.037 | AH28: =S12*$D$12 -> 0 | ... AM28: =X12*$D$12 -> 0
K29: P5 | L29: =L6/$E$6 -> 0 | M29: =M6/$E$6 -> 0.2 | N29: =N6/$E$6 -> 0.1 | O29: =O6/$E$6 -> 0.46666667 | P29: =P6/$E$6 -> 0 | Q29: =Q6/$E$6 -> 0 | R29: =R6/$E$6 -> 0 | S29: =S6/$E$6 -> 0 | ... X29: =X6/$E$6 -> 0 | Z29: P12 | AA29: =L13*$D$13 -> 0 | AB29: =M13*$D$13 -> 0 | AC29: =N13*$D$13 -> 0 | AD29: =O13*$D$13 -> 0 | AE29: =P13*$D$13 -> 18578.3 | AF29: =Q13*$D$13 -> 18578.3 | AG29: =R13*$D$13 -> 9289.15 | AH29: =S13*$D$13 -> 0 | ... AM29: =X13*$D$13 -> 0
K30: P6 | L30: =L7/$E$7 -> 0.071428571 | M30: =M7/$E$7 -> 0.11904762 | N30: =N7/$E$7 -> 0.047619048 | O30: =O7/$E$7 -> 0.28571429 | P30: =P7/$E$7 -> 0 | Q30: =Q7/$E$7 -> 0 | R30: =R7/$E$7 -> 0 | S30: =S7/$E$7 -> 0.095238095 | ... X30: =X7/$E$7 -> 0 | Z30: P13 | AA30: =L14*$D$14 -> 0 | AB30: =M14*$D$14 -> 0 | AC30: =N14*$D$14 -> 0 | AD30: =O14*$D$14 -> 0 | AE30: =P14*$D$14 -> 11611.438 | AF30: =Q14*$D$14 -> 20900.587 | AG30: =R14*$D$14 -> 6966.8625 | AH30: =S14*$D$14 -> 18578.3 | ... AM30: =X14*$D$14 -> 0
K31: P7 | L31: =L8/$E$8 -> 0 | M31: =M8/$E$8 -> 0 | N31: =N8/$E$8 -> 0.075 | O31: =O8/$E$8 -> 0.35 | P31: =P8/$E$8 -> 0.1 | Q31: =Q8/$E$8 -> 0.15 | R31: =R8/$E$8 -> 0 | S31: =S8/$E$8 -> 0 | ... X31: =X8/$E$8 -> 0 | Z31: P14 | AA31: =L15*$D$15 -> 0 | AB31: =M15*$D$15 -> 0 | AC31: =N15*$D$15 -> 0 | AD31: =O15*$D$15 -> 0 | AE31: =P15*$D$15 -> 26167.9 | AF31: =Q15*$D$15 -> 39251.85 | AG31: =R15*$D$15 -> 13083.95 | AH31: =S15*$D$15 -> 45793.825 | ... AM31: =X15*$D$15 -> 0
K32: P8 | L32: =L9/$E$9 -> 0 | M32: =M9/$E$9 -> 0 | N32: =N9/$E$9 -> 0 | O32: =O9/$E$9 -> 0 | P32: =P9/$E$9 -> 0.26315789 | Q32: =Q9/$E$9 -> 0 | R32: =R9/$E$9 -> 0 | S32: =S9/$E$9 -> 0.42105263 | ... X32: =X9/$E$9 -> 0 | Z32: P15 | AA32: =L16*$D$16 -> 0 | AB32: =M16*$D$16 -> 0 | AC32: =N16*$D$16 -> 0 | AD32: =O16*$D$16 -> 0 | AE32: =P16*$D$16 -> 3927 | AF32: =Q16*$D$16 -> 6545 | AG32: =R16*$D$16 -> 2618 | AH32: =S16*$D$16 -> 13090 | ... AM32: =X16*$D$16 -> 0
K33: P9 | L33: =L10/$E$10 -> 0 | M33: =M10/$E$10 -> 0 | N33: =N10/$E$10 -> 0 | O33: =O10/$E$10 -> 0 | P33: =P10/$E$10 -> 0.14705882 | Q33: =Q10/$E$10 -> 0.20588235 | R33: =R10/$E$10 -> 0.14705882 | S33: =S10/$E$10 -> 0 | ... X33: =X10/$E$10 -> 0 | Z33: P16 | AA33: =L17*$D$17 -> 0 | AB33: =M17*$D$17 -> 0 | AC33: =N17*$D$17 -> 0 | AD33: =O17*$D$17 -> 0 | AE33: =P17*$D$17 -> 0 | AF33: =Q17*$D$17 -> 25944.375 | AG33: =R17*$D$17 -> 0 | AH33: =S17*$D$17 -> 103777.5 | ... AM33: =X17*$D$17 -> 0
K34: P10 | L34: =L11/$E$11 -> 0 | M34: =M11/$E$11 -> 0 | N34: =N11/$E$11 -> 0 | O34: =O11/$E$11 -> 0 | P34: =P11/$E$11 -> 0.23076923 | Q34: =Q11/$E$11 -> 0.26923077 | R34: =R11/$E$11 -> 0 | S34: =S11/$E$11 -> 0 | ... X34: =X11/$E$11 -> 0 | Z34: P17 | AA34: =L18*$D$18 -> 0 | AB34: =M18*$D$18 -> 0 | AC34: =N18*$D$18 -> 0 | AD34: =O18*$D$18 -> 0 | AE34: =P18*$D$18 -> 0 | AF34: =Q18*$D$18 -> 0 | AG34: =R18*$D$18 -> 0 | AH34: =S18*$D$18 -> 0 | ... AM34: =X18*$D$18 -> 32512.025
K35: P11 | L35: =L12/$E$12 -> 0 | M35: =M12/$E$12 -> 0 | N35: =N12/$E$12 -> 0 | O35: =O12/$E$12 -> 0 | P35: =P12/$E$12 -> 0.625 | Q35: =Q12/$E$12 -> 0 | R35: =R12/$E$12 -> 0.1875 | S35: =S12/$E$12 -> 0 | ... X35: =X12/$E$12 -> 0 | Z35: P18 | AA35: =L19*$D$19 -> 0 | AB35: =M19*$D$19 -> 0 | AC35: =N19*$D$19 -> 0 | AD35: =O19*$D$19 -> 0 | AE35: =P19*$D$19 -> 0 | AF35: =Q19*$D$19 -> 0 | AG35: =R19*$D$19 -> 0 | AH35: =S19*$D$19 -> 0 | ... AM35: =X19*$D$19 -> 72509.25
K36: P12 | L36: =L13/$E$13 -> 0 | M36: =M13/$E$13 -> 0 | N36: =N13/$E$13 -> 0 | O36: =O13/$E$13 -> 0 | P36: =P13/$E$13 -> 0.16666667 | Q36: =Q13/$E$13 -> 0.16666667 | R36: =R13/$E$13 -> 0.083333333 | S36: =S13/$E$13 -> 0 | ... X36: =X13/$E$13 -> 0 | Z36: P19 | AA36: =L20*$D$20 -> 0 | AB36: =M20*$D$20 -> 0 | AC36: =N20*$D$20 -> 0 | AD36: =O20*$D$20 -> 0 | AE36: =P20*$D$20 -> 0 | AF36: =Q20*$D$20 -> 0 | AG36: =R20*$D$20 -> 0 | AH36: =S20*$D$20 -> 0 | ... AM36: =X20*$D$20 -> 224602.81
K37: P13 | L37: =L14/$E$14 -> 0 | M37: =M14/$E$14 -> 0 | N37: =N14/$E$14 -> 0 | O37: =O14/$E$14 -> 0 | P37: =P14/$E$14 -> 0.16666667 | Q37: =Q14/$E$14 -> 0.3 | R37: =R14/$E$14 -> 0.1 | S37: =S14/$E$14 -> 0.26666667 | ... X37: =X14/$E$14 -> 0 | Z37: P20 | AA37: =L21*$D$21 -> 0 | AB37: =M21*$D$21 -> 0 | AC37: =N21*$D$21 -> 0 | AD37: =O21*$D$21 -> 0 | AE37: =P21*$D$21 -> 0 | AF37: =Q21*$D$21 -> 0 | AG37: =R21*$D$21 -> 0 | AH37: =S21*$D$21 -> 0 | ... AM37: =X21*$D$21 -> 73102.5
K38: P14 | L38: =L15/$E$15 -> 0 | M38: =M15/$E$15 -> 0 | N38: =N15/$E$15 -> 0 | O38: =O15/$E$15 -> 0 | P38: =P15/$E$15 -> 0.21052632 | Q38: =Q15/$E$15 -> 0.31578947 | R38: =R15/$E$15 -> 0.10526316 | S38: =S15/$E$15 -> 0.36842105 | ... X38: =X15/$E$15 -> 0 | Z38: Sum | AA38: =SUM(AA18:AA37) -> 81578.469 | AB38: =SUM(AB18:AB37) -> 267253.69 | AC38: =SUM(AC18:AC37) -> 64628.362 | AD38: =SUM(AD18:AD37) -> 357201.66 | AE38: =SUM(AE18:AE37) -> 162049 | AF38: =SUM(AF18:AF37) -> 174166.91 | AG38: =SUM(AG18:AG37) -> 63242.625 | AH38: =SUM(AH18:AH37) -> 248777.77 | ... AM38: =SUM(AM18:AM37) -> 402726.59
K39: P15 | L39: =L16/$E$16 -> 0 | M39: =M16/$E$16 -> 0 | N39: =N16/$E$16 -> 0 | O39: =O16/$E$16 -> 0 | P39: =P16/$E$16 -> 0.1 | Q39: =Q16/$E$16 -> 0.16666667 | R39: =R16/$E$16 -> 0.066666667 | S39: =S16/$E$16 -> 0.33333333 | ... X39: =X16/$E$16 -> 0 | Z39: Sum Capacity | AA39: =5*16*60*L78 -> 96000 | AB39: =5*16*60*M78 -> 307200 | AC39: =5*16*60*N78 -> 76800 | AD39: =5*16*60*O78 -> 408000 | AE39: =5*16*60*P78 -> 187200 | AF39: =5*16*60*Q78 -> 201600 | AG39: =5*16*60*R78 -> 72000 | AH39: =5*16*60*S78 -> 283200 | ... AM39: =5*16*60*X78 -> 460800
K40: P16 | L40: =L17/$E$17 -> 0 | M40: =M17/$E$17 -> 0 | N40: =N17/$E$17 -> 0 | O40: =O17/$E$17 -> 0 | P40: =P17/$E$17 -> 0 | Q40: =Q17/$E$17 -> 0.125 | R40: =R17/$E$17 -> 0 | S40: =S17/$E$17 -> 0.5 | ... X40: =X17/$E$17 -> 0 | Z40: Utilization | AA40: =AA38/AA39 -> 0.84977572 | AB40: =AB38/AB39 -> 0.86996645 | AC40: =AC38/AC39 -> 0.84151514 | AD40: =AD38/AD39 -> 0.87549427 | AE40: =AE38/AE39 -> 0.86564637 | AF40: =AF38/AF39 -> 0.86392315 | AG40: =AG38/AG39 -> 0.87836979 | AH40: =AH38/AH39 -> 0.8784526 | ... AM40: =AM38/AM39 -> 0.87397263
K41: P17 | L41: =L18/$E$18 -> 0 | M41: =M18/$E$18 -> 0 | N41: =N18/$E$18 -> 0 | O41: =O18/$E$18 -> 0 | P41: =P18/$E$18 -> 0 | Q41: =Q18/$E$18 -> 0 | R41: =R18/$E$18 -> 0 | S41: =S18/$E$18 -> 0 | ... X41: =X18/$E$18 -> 0.48275862
K42: P18 | L42: =L19/$E$19 -> 0 | M42: =M19/$E$19 -> 0 | N42: =N19/$E$19 -> 0 | O42: =O19/$E$19 -> 0 | P42: =P19/$E$19 -> 0 | Q42: =Q19/$E$19 -> 0 | R42: =R19/$E$19 -> 0 | S42: =S19/$E$19 -> 0 | ... X42: =X19/$E$19 -> 0.6 | AK42: Overall utilization | AM42: =(SUM(AA38:AM38)/SUM(AA39:AM39)) -> 0.87238137
K43: P19 | L43: =L20/$E$20 -> 0 | M43: =M20/$E$20 -> 0 | N43: =N20/$E$20 -> 0 | O43: =O20/$E$20 -> 0 | P43: =P20/$E$20 -> 0 | Q43: =Q20/$E$20 -> 0 | R43: =R20/$E$20 -> 0 | S43: =S20/$E$20 -> 0 | ... X43: =X20/$E$20 -> 0.5952381
K44: P20 | L44: =L21/$E$21 -> 0 | M44: =M21/$E$21 -> 0 | N44: =N21/$E$21 -> 0 | O44: =O21/$E$21 -> 0 | P44: =P21/$E$21 -> 0 | Q44: =Q21/$E$21 -> 0 | R44: =R21/$E$21 -> 0 | S44: =S21/$E$21 -> 0 | ... X44: =X21/$E$21 -> 0.52173913
K47: Weekly_capacity_minutes | L47: A | M47: B | N47: C | O47: D | P47: E | Q47: F | R47: G | S47: H | T47: I | U47: J | V47: K | W47: L | X47: M | Z47: Part | AA47: Dimensions | AE47: Materials
K48: P1 | L48: =L25*$G$2 -> 41530.13 | M48: =M25*$G$2 -> 207650.65 | N48: =N25*$G$2 -> 20765.065 | O48: =O25*$G$2 -> 103825.33 | P48: =P25*$G$2 -> 0 | Q48: =Q25*$G$2 -> 0 | R48: =R25*$G$2 -> 0 | S48: =S25*$G$2 -> 0 | ... X48: =X25*$G$2 -> 0 | Z48: Identifier | AA48: X (in.) | AB48: Y (in.) | AC48: Z (in.) | AD48: Weight (lbs) | AE48: Price/unit
K49: P2 | L49: =L26*$G$3 -> 25520.833 | M49: =M26*$G$3 -> 0 | N49: =N26*$G$3 -> 10208.333 | O49: =O26*$G$3 -> 51041.667 | P49: =P26*$G$3 -> 0 | Q49: =Q26*$G$3 -> 0 | R49: =R26*$G$3 -> 0 | S49: =S26*$G$3 -> 20416.667 | ... X49: =X26*$G$3 -> 0 | Z49: P1 | AA49: 2 | AB49: 6 | AC49: 6 | AD49: 2 | AE49: 12 | AF49: =AE49*D2 -> 439554.9
K50: P3 | L50: =L27*$G$4 -> 0 | M50: =M27*$G$4 -> 28617.956 | N50: =N27*$G$4 -> 12264.838 | O50: =O27*$G$4 -> 49059.354 | P50: =P27*$G$4 -> 0 | Q50: =Q27*$G$4 -> 0 | R50: =R27*$G$4 -> 0 | S50: =S27*$G$4 -> 0 | ... X50: =X27*$G$4 -> 0 | Z50: P2 | AA50: 8 | AB50: 8 | AC50: 4 | AD50: 14 | AE50: 100 | AF50: =AE50*D3 -> 1800750
K51: P4 | L51: =L28*$G$5 -> 18132.086 | M51: =M28*$G$5 -> 36264.172 | N51: =N28*$G$5 -> 0 | O51: =O28*$G$5 -> 54396.259 | P51: =P28*$G$5 -> 0 | Q51: =Q28*$G$5 -> 0 | R51: =R28*$G$5 -> 4533.0215 | S51: =S28*$G$5 -> 22665.108 | ... X51: =X28*$G$5 -> 0 | Z51: P3 | AA51: 6 | AB51: 6 | AC51: 6 | AD51: 6 | AE51: 50 | AF51: =AE51*D4 -> 721172.5
K52: P5 | L52: =L29*$G$6 -> 0 | M52: =M29*$G$6 -> 18293.367 | N52: =N29*$G$6 -> 9146.6837 | O52: =O29*$G$6 -> 42684.524 | P52: =P29*$G$6 -> 0 | Q52: =Q29*$G$6 -> 0 | R52: =R29*$G$6 -> 0 | S52: =S29*$G$6 -> 0 | ... X52: =X29*$G$6 -> 0 | Z52: P4 | AA52: 12 | AB52: 6 | AC52: 4 | AD52: 16 | AE52: 120 | AF52: =AE52*D5 -> 1919100
K53: P6 | L53: =L30*$G$7 -> 7309.5451 | M53: =M30*$G$7 -> 12182.575 | N53: =N30*$G$7 -> 4873.03 | O53: =O30*$G$7 -> 29238.18 | P53: =P30*$G$7 -> 0 | Q53: =Q30*$G$7 -> 0 | R53: =R30*$G$7 -> 0 | S53: =S30*$G$7 -> 9746.0601 | ... X53: =X30*$G$7 -> 0 | Z53: P5 | AA53: 8 | AB53: 4 | AC53: 6 | AD53: 5 | AE53: 50 | AF53: =AE53*D6 -> 537825
K54: P7 | L54: =L31*$G$8 -> 0 | M54: =M31*$G$8 -> 0 | N54: =N31*$G$8 -> 16016.837 | O54: =O31*$G$8 -> 74745.238 | P54: =P31*$G$8 -> 21355.782 | Q54: =Q31*$G$8 -> 32033.673 | R54: =R31*$G$8 -> 0 | S54: =S31*$G$8 -> 0 | ... X54: =X31*$G$8 -> 0 | Z54: P6 | AA54: 2 | AB54: 8 | AC54: 6 | AD54: 3 | AE54: 15 | AF54: =AE54*D7 -> 128940.38
K55: P8 | L55: =L32*$G$9 -> 0 | M55: =M32*$G$9 -> 0 | N55: =N32*$G$9 -> 0 | O55: =O32*$G$9 -> 0 | P55: =P32*$G$9 -> 14841.27 | Q55: =Q32*$G$9 -> 0 | R55: =R32*$G$9 -> 0 | S55: =S32*$G$9 -> 23746.032 | ... X55: =X32*$G$9 -> 0 | Z55: P7 | AA55: 2 | AB55: 2 | AC55: 12 | AD55: 1 | AE55: 25 | AF55: =AE55*D8 -> 470895
K56: P9 | L56: =L33*$G$10 -> 0 | M56: =M33*$G$10 -> 0 | N56: =N33*$G$10 -> 0 | O56: =O33*$G$10 -> 0 | P56: =P33*$G$10 -> 16318.027 | Q56: =Q33*$G$10 -> 22845.238 | R56: =R33*$G$10 -> 16318.027 | S56: =S33*$G$10 -> 0 | ... X56: =X33*$G$10 -> 0 | Z56: P8 | AA56: 4 | AB56: 4 | AC56: 4 | AD56: 1 | AE56: 20 | AF56: =AE56*D9 -> 209440
K57: P10 | L57: =L34*$G$11 -> 0 | M57: =M34*$G$11 -> 0 | N57: =N34*$G$11 -> 0 | O57: =O34*$G$11 -> 0 | P57: =P34*$G$11 -> 14133.716 | Q57: =Q34*$G$11 -> 16489.335 | R57: =R34*$G$11 -> 0 | S57: =S34*$G$11 -> 0 | ... X57: =X34*$G$11 -> 0 | Z57: P9 | AA57: 2 | AB57: 4 | AC57: 12 | AD57: 2 | AE57: 40 | AF57: =AE57*D10 -> 460560
K58: P11 | L58: =L35*$G$12 -> 0 | M58: =M35*$G$12 -> 0 | N58: =N35*$G$12 -> 0 | O58: =O35*$G$12 -> 0 | P58: =P35*$G$12 -> 48730.3 | Q58: =Q35*$G$12 -> 0 | R58: =R35*$G$12 -> 14619.09 | S58: =S35*$G$12 -> 0 | ... X58: =X35*$G$12 -> 0 | Z58: P10 | AA58: 4 | AB58: 4 | AC58: 4 | AD58: 1 | AE58: 20 | AF58: =AE58*D11 -> 166212.5
K59: P12 | L59: =L36*$G$13 -> 0 | M59: =M36*$G$13 -> 0 | N59: =N36*$G$13 -> 0 | O59: =O36*$G$13 -> 0 | P59: =P36*$G$13 -> 21063.832 | Q59: =Q36*$G$13 -> 21063.832 | R59: =R36*$G$13 -> 10531.916 | S59: =S36*$G$13 -> 0 | ... X59: =X36*$G$13 -> 0 | Z59: P11 | AA59: 4 | AB59: 6 | AC59: 4 | AD59: 2 | AE59: 30 | AF59: =AE59*D12 -> 515761.5
K60: P13 | L60: =L37*$G$14 -> 0 | M60: =M37*$G$14 -> 0 | N60: =N37*$G$14 -> 0 | O60: =O37*$G$14 -> 0 | P60: =P37*$G$14 -> 13164.895 | Q60: =Q37*$G$14 -> 23696.811 | R60: =R37*$G$14 -> 7898.9371 | S60: =S37*$G$14 -> 21063.832 | ... X60: =X37*$G$14 -> 0 | Z60: P12 | AA60: 6 | AB60: 6 | AC60: 4 | AD60: 2 | AE60: 30 | AF60: =AE60*D13 -> 557349
K61: P14 | L61: =L38*$G$15 -> 0 | M61: =M38*$G$15 -> 0 | N61: =N38*$G$15 -> 0 | O61: =O38*$G$15 -> 0 | P61: =P38*$G$15 -> 29668.821 | Q61: =Q38*$G$15 -> 44503.231 | R61: =R38*$G$15 -> 14834.41 | S61: =S38*$G$15 -> 51920.437 | ... X61: =X38*$G$15 -> 0 | Z61: P13 | AA61: 2 | AB61: 2 | AC61: 12 | AD61: 1 | AE61: 25 | AF61: =AE61*D14 -> 232228.75
K62: P15 | L62: =L39*$G$16 -> 0 | M62: =M39*$G$16 -> 0 | N62: =N39*$G$16 -> 0 | O62: =O39*$G$16 -> 0 | P62: =P39*$G$16 -> 4452.381 | Q62: =Q39*$G$16 -> 7420.6349 | R62: =R39*$G$16 -> 2968.254 | S62: =S39*$G$16 -> 14841.27 | ... X62: =X39*$G$16 -> 0 | Z62: P14 | AA62: 2 | AB62: 4 | AC62: 6 | AD62: 1 | AE62: 20 | AF62: =AE62*D15 -> 523358
K63: P16 | L63: =L40*$G$17 -> 0 | M63: =M40*$G$17 -> 0 | N63: =N40*$G$17 -> 0 | O63: =O40*$G$17 -> 0 | P63: =P40*$G$17 -> 0 | Q63: =Q40*$G$17 -> 29415.391 | R63: =R40*$G$17 -> 0 | S63: =S40*$G$17 -> 117661.56 | ... X63: =X40*$G$17 -> 0 | Z63: P15 | AA63: 4 | AB63: 6 | AC63: 4 | AD63: 2 | AE63: 25 | AF63: =AE63*D16 -> 130900
K64: P17 | L64: =L41*$G$18 -> 0 | M64: =M41*$G$18 -> 0 | N64: =N41*$G$18 -> 0 | O64: =O41*$G$18 -> 0 | P64: =P41*$G$18 -> 0 | Q64: =Q41*$G$18 -> 0 | R64: =R41*$G$18 -> 0 | S64: =S41*$G$18 -> 0 | ... X64: =X41*$G$18 -> 36861.706 | Z64: P16 | AA64: 4 | AB64: 4 | AC64: 4 | AD64: 1 | AE64: 20 | AF64: =AE64*D17 -> 415110
K65: P18 | L65: =L42*$G$19 -> 0 | M65: =M42*$G$19 -> 0 | N65: =N42*$G$19 -> 0 | O65: =O42*$G$19 -> 0 | P65: =P42*$G$19 -> 0 | Q65: =Q42*$G$19 -> 0 | R65: =R42*$G$19 -> 0 | S65: =S42*$G$19 -> 0 | ... X65: =X42*$G$19 -> 82210.034 | Z65: P17 | AA65: 12 | AB65: 2 | AC65: 2 | AD65: 4 | AE65: 80 | AF65: =AE65*D18 -> 743132
K66: P19 | L66: =L43*$G$20 -> 0 | M66: =M43*$G$20 -> 0 | N66: =N43*$G$20 -> 0 | O66: =O43*$G$20 -> 0 | P66: =P43*$G$20 -> 0 | Q66: =Q43*$G$20 -> 0 | R66: =R43*$G$20 -> 0 | S66: =S43*$G$20 -> 0 | ... X66: =X43*$G$20 -> 254651.71 | Z66: P18 | AA66: 12 | AB66: 2 | AC66: 2 | AD66: 4 | AE66: 80 | AF66: =AE66*D19 -> 1546864
K67: P20 | L67: =L44*$G$21 -> 0 | M67: =M44*$G$21 -> 0 | N67: =N44*$G$21 -> 0 | O67: =O44*$G$21 -> 0 | P67: =P44*$G$21 -> 0 | Q67: =Q44*$G$21 -> 0 | R67: =R44*$G$21 -> 0 | S67: =S44*$G$21 -> 0 | ... X67: =X44*$G$21 -> 82882.653 | Z67: P19 | AA67: 12 | AB67: 2 | AC67: 2 | AD67: 4 | AE67: 80 | AF67: =AE67*D20 -> 2874916
Z68: P20 | AA68: 12 | AB68: 2 | AC68: 2 | AD68: 4 | AE68: 80 | AF68: =AE68*D21 -> 1949400
K69: SUM(minutes) | L69: =SUM(L48:L67) -> 92492.595 | M69: =SUM(M48:M67) -> 303008.72 | N69: =SUM(N48:N67) -> 73274.787 | O69: =SUM(O48:O67) -> 404990.55 | P69: =SUM(P48:P67) -> 183729.02 | Q69: =SUM(Q48:Q67) -> 197468.15 | R69: =SUM(R48:R67) -> 71703.656 | S69: =SUM(S48:S67) -> 282060.97 | ... X69: =SUM(X48:X67) -> 456606.11 | AC69: Weekly material cost | AF69: =SUM(AF49:AF68) -> 16343470
K70: Total Time(1 shift) | L70: =8*60*5 -> 2400 | M70: =8*60*5 -> 2400 | N70: =8*60*5 -> 2400 | O70: =8*60*5 -> 2400 | P70: =8*60*5 -> 2400 | Q70: =8*60*5 -> 2400 | R70: =8*60*5 -> 2400 | S70: =8*60*5 -> 2400 | ... X70: =8*60*5 -> 2400 | AC70: Yearly material cost | AF70: =AF69*49 -> 8.0083001e+08
K71: Total Time(2 shifts) | L71: =16*5*60 -> 4800 | M71: =16*5*60 -> 4800 | N71: =16*5*60 -> 4800 | O71: =16*5*60 -> 4800 | P71: =16*5*60 -> 4800 | Q71: =16*5*60 -> 4800 | R71: =16*5*60 -> 4800 | S71: =16*5*60 -> 4800 | ... X71: =16*5*60 -> 4800
K73: # of machines(1 shift) | L73: =L69/L70 -> 38.538581 | M73: =M69/M70 -> 126.25363 | N73: =N69/N70 -> 30.531161 | O73: =O69/O70 -> 168.74606 | P73: =P69/P70 -> 76.55376 | Q73: =Q69/Q70 -> 82.278395 | R73: =R69/R70 -> 29.876524 | S73: =S69/S70 -> 117.5254 | ... X73: =X69/X70 -> 190.25255
K74: # of machines(2 shift) | L74: =L69/L71 -> 19.269291 | M74: =M69/M71 -> 63.126817 | N74: =N69/N71 -> 15.265581 | O74: =O69/O71 -> 84.373031 | P74: =P69/P71 -> 38.27688 | Q74: =Q69/Q71 -> 41.139197 | R74: =R69/R71 -> 14.938262 | S74: =S69/S71 -> 58.762702 | ... X74: =X69/X71 -> 95.126273
K76: rounded ans | L76: A | M76: B | N76: C | O76: D | P76: E | Q76: F | R76: G | S76: H | T76: I | U76: J | V76: K | W76: L | X76: M
K77: # of machines(1 shift) | L77: =ROUNDUP(L73,0) -> 39 | M77: =ROUNDUP(M73,0) -> 127 | N77: =ROUNDUP(N73,0) -> 31 | O77: =ROUNDUP(O73,0) -> 169 | P77: =ROUNDUP(P73,0) -> 77 | Q77: =ROUNDUP(Q73,0) -> 83 | R77: =ROUNDUP(R73,0) -> 30 | S77: =ROUNDUP(S73,0) -> 118 | ... X77: =ROUNDUP(X73,0) -> 191 | Y77: Total
K78: # of machines(2 shift) | L78: =ROUNDUP(L74,0) -> 20 | M78: =ROUNDUP(M74,0) -> 64 | N78: =ROUNDUP(N74,0) -> 16 | O78: =ROUNDUP(O74,0) -> 85 | P78: =ROUNDUP(P74,0) -> 39 | Q78: =ROUNDUP(Q74,0) -> 42 | R78: =ROUNDUP(R74,0) -> 15 | S78: =ROUNDUP(S74,0) -> 59 | ... X78: =ROUNDUP(X74,0) -> 96 | Y78: =SUM(L78:X78) -> 657
K79: # of new machines | L79: =L78-'Y4'!L78 -> 0 | M79: =M78-'Y4'!M78 -> 2 | N79: =N78-'Y4'!N78 -> 0 | O79: =O78-'Y4'!O78 -> 0 | P79: =P78-'Y4'!P78 -> 0 | Q79: =Q78-'Y4'!Q78 -> -1 | R79: =R78-'Y4'!R78 -> -1 | S79: =S78-'Y4'!S78 -> 0 | ... Y79: =Y78-'Y4'!Y78 -> 1
K81: inner size | L81: 7 | M81: 7 | N81: 7 | O81: 7 | P81: 6 | Q81: 6 | R81: 6 | S81: 5 | T81: 5 | U81: 5 | V81: 3 | W81: 3 | X81: 3
L82: 8 | M82: 8 | N82: 8 | O82: 8 | P82: 16 | Q82: 16 | R82: 16 | S82: 24 | T82: 24 | U82: 24 | V82: 6 | W82: 6 | X82: 6
K83: outer size | L83: 14 | M83: 14 | N83: 14 | O83: 14 | P83: 22 | Q83: 22 | R83: 22 | S83: 14 | T83: 14 | U83: 14 | V83: 14 | W83: 14 | X83: 14
L84: 14 | M84: 14 | N84: 14 | O84: 14 | P84: 15 | Q84: 15 | R84: 15 | S84: 36 | T84: 36 | U84: 36 | V84: 7 | W84: 7 | X84: 7
K86: Operators hourly cost/each machine | L86: =1*20+1/4*40 -> 30 | M86: =1*20+1/4*40 -> 30 | N86: =1*20+1/4*40 -> 30 | O86: =1*20+1/4*40 -> 30 | P86: =1*20+1/2*60 -> 50 | Q86: =1*20+1/2*60 -> 50 | R86: =1*20+1/2*60 -> 50 | S86: 120 | T86: 120 | U86: 120 | V86: 20 | W86: 20 | X86: 20
K87: Installed price | L87: 150000 | M87: 200000 | N87: 250000 | O87: 300000 | P87: 400000 | Q87: 400000 | R87: 400000 | S87: 1000000 | T87: 500000 | U87: 500000 | V87: 80000 | W87: 100000 | X87: 50000
K89: # of personnel/each machine | L89: A | M89: B | N89: C | O89: D | P89: E | Q89: F | R89: G | S89: H | T89: I | U89: J | V89: K | W89: L | X89: M
K90: C1 | L90: 1 | M90: 1 | N90: 1 | O90: 1 | P90: 1 | Q90: 1 | R90: 1 | S90: 0 | T90: 0 | U90: 0 | V90: 0 | W90: 0 | X90: 0
K91: C2 | L91: 0.25 | M91: 0.25 | N91: 0.25 | O91: 0.25 | P91: 0 | Q91: 0 | R91: 0 | S91: 0 | T91: 0 | U91: 0 | V91: 0.5 | W91: 0.5 | X91: 0.5
K92: C3 | L92: 0 | M92: 0 | N92: 0 | O92: 0 | P92: 0.5 | Q92: 0.5 | R92: 0.5 | S92: 2 | T92: 2 | U92: 2 | V92: 0 | W92: 0 | X92: 0
K94: Total working hours( 2 shifts, 49 weeks) | L94: =49*5*16 -> 3920 | M94: =49*5*16 -> 3920 | N94: =49*5*16 -> 3920 | O94: =49*5*16 -> 3920 | P94: =49*5*16 -> 3920 | Q94: =49*5*16 -> 3920 | R94: =49*5*16 -> 3920 | S94: =49*5*16 -> 3920 | ... X94: =49*5*16 -> 3920
K96: Total # of personnel | L96: A | M96: B | N96: C | O96: D | P96: E | Q96: F | R96: G | S96: H | T96: I | U96: J | V96: K | W96: L | X96: M | Y96: SUM
K97: C1 | L97: =ROUNDUP(L90*L78*2,0) -> 40 | M97: =ROUNDUP(M90*M78*2,0) -> 128 | N97: =ROUNDUP(N90*N78*2,0) -> 32 | O97: =ROUNDUP(O90*O78*2,0) -> 170 | P97: =ROUNDUP(P90*P78*2,0) -> 78 | Q97: =ROUNDUP(Q90*Q78*2,0) -> 84 | R97: =ROUNDUP(R90*R78*2,0) -> 30 | S97: =ROUNDUP(S90*S78*2,0) -> 0 | ... X97: =ROUNDUP(X90*X78*2,0) -> 0 | Y97: =SUM(L97:X97) -> 562
K98: C2 | L98: =ROUNDUP(L91*L78*2,0) -> 10 | M98: =ROUNDUP(M91*M78*2,0) -> 32 | N98: =ROUNDUP(N91*N78*2,0) -> 8 | O98: =ROUNDUP(O91*O78*2,0) -> 43 | P98: =ROUNDUP(P91*P78*2,0) -> 0 | Q98: =ROUNDUP(Q91*Q78*2,0) -> 0 | R98: =ROUNDUP(R91*R78*2,0) -> 0 | S98: =ROUNDUP(S91*S78*2,0) -> 0 | ... X98: =ROUNDUP(X91*X78*2,0) -> 96 | Y98: =SUM(L98:X98) -> 261
K99: C3 | L99: =ROUNDUP(L92*L78*2,0) -> 0 | M99: =ROUNDUP(M92*M78*2,0) -> 0 | N99: =ROUNDUP(N92*N78*2,0) -> 0 | O99: =ROUNDUP(O92*O78*2,0) -> 0 | P99: =ROUNDUP(P92*P78*2,0) -> 39 | Q99: =ROUNDUP(Q92*Q78*2,0) -> 42 | R99: =ROUNDUP(R92*R78*2,0) -> 15 | S99: =ROUNDUP(S92*S78*2,0) -> 236 | ... X99: =ROUNDUP(X92*X78*2,0) -> 0 | Y99: =SUM(L99:X99) -> 928
K100: Center-specific total | L100: =SUM(L97:L99) -> 50 | M100: =SUM(M97:M99) -> 160 | N100: =SUM(N97:N99) -> 40 | O100: =SUM(O97:O99) -> 213 | P100: =SUM(P97:P99) -> 117 | Q100: =SUM(Q97:Q99) -> 126 | R100: =SUM(R97:R99) -> 45 | S100: =SUM(S97:S99) -> 236 | ... Y100: =SUM(Y97:Y99) -> 1751
K101: # of new personnel | L101: =L100-'Y4'!L100 -> 0 | M101: =M100-'Y4'!M100 -> 5 | N101: =N100-'Y4'!N100 -> 0 | O101: =O100-'Y4'!O100 -> 0 | P101: =P100-'Y4'!P100 -> 0 | Q101: =Q100-'Y4'!Q100 -> -3 | R101: =R100-'Y4'!R100 -> -3 | S101: =S100-'Y4'!S100 -> 0 | ... X101: =X100-'Y4'!X100 -> 1
K103: Annual Installed fee | L103: =L78*L87/10 -> 300000 | M103: =M78*M87/10 -> 1280000 | N103: =N78*N87/10 -> 400000 | O103: =O78*O87/10 -> 2550000 | P103: =P78*P87/10 -> 1560000 | Q103: =Q78*Q87/10 -> 1680000 | R103: =R78*R87/10 -> 600000 | S103: =S78*S87/15 -> 3933333.3 | T103: =T78*T87/15 -> 1833333.3 | U103: =U78*U87/15 -> 3133333.3 | V103: =V78*V87/8 -> 120000 | W103: =W78*W87/8 -> 750000 | X103: =X78*X87/8 -> 600000
K104: Annual operator cost | L104: =L86*16*5*49*L78 -> 2352000 | M104: =M86*16*5*49*M78 -> 7526400 | N104: =N86*16*5*49*N78 -> 1881600 | O104: =O86*16*5*49*O78 -> 9996000 | P104: =P86*16*5*49*P78 -> 7644000 | Q104: =Q86*16*5*49*Q78 -> 8232000 | R104: =R86*16*5*49*R78 -> 2940000 | S104: =S86*16*5*49*S78 -> 27753600 | ... X104: =X86*16*5*49*X78 -> 7526400
K107: Total Installed cost | L107: =SUM(L103:X103) -> 18740000
K108: Total operator cost | L108: =SUM(L104:X104) -> 151586400
K109: Total Land Fee | L109: =882*344*250 -> 75852000
K110: Total Cost | L110: =SUM(L107:L109) -> 246178400

Sheet Flow traffic
B1: Step 1 | C1: Step 2 | D1: Step 3 | E1: Step 4 | F1: Step 5 | G1: Step 6 | H1: Step 7 | J1: 1--2 | K1: 2--3 | L1: 3--4 | M1: 4--5 | N1: 5--6 | O1: 6--7 | P1: from process | Q1: to process | R1: flow/week/center | S1: flow/hour/center | U1: Traffic | V1: A | W1: B | X1: C | Y1: D | Z1: E | AA1: F | AB1: G | AC1: H | AD1: I | AE1: J | AF1: K | AG1: L | AH1: M
A2: P1 | B2: B | C2: A | D2: B | E2: C | F2: D | G2: I | H2: J | I2: 30602.933 | J2: =IF(AND(B2<>"",C2<>"",B2<>C2),B2&"->"&C2,"") -> B->A | K2: =IF(AND(C2<>"",D2<>"",C2<>D2),C2&"->"&D2,"") -> A->B | L2: =IF(AND(D2<>"",E2<>"",D2<>E2),D2&"->"&E2,"") -> B->C | M2: =IF(AND(E2<>"",F2<>"",E2<>F2),E2&"->"&F2,"") -> C->D | N2: =IF(AND(F2<>"",G2<>"",F2<>G2),F2&"->"&G2,"") -> D->I | O2: =IF(AND(G2<>"",H2<>"",G2<>H2),G2&"->"&H2,"") -> I->J | P2: A | Q2: B | R2: =SUMPRODUCT($I$2:$I$21*(($J$2:$J$21=$P2&"->"&$Q2)+($K$2:$K$21=$P2&"->"&$Q2)+($L$2:$L$21=$P2&"->"&$Q2)+($M$2:$M$21=$P2&"->"&$Q2)+($N$2:$N$21=$P2&"->"&$Q2)+($O$2:$O$21=$P2&"->"&$Q2))) -> 49948.173 | S2: =SUMPRODUCT($D$26:$D$45*(($J$2:$J$21=$P2&"->"&$Q2)+($K$2:$K$21=$P2&"->"&$Q2)+($L$2:$L$21=$P2&"->"&$Q2)+($M$2:$M$21=$P2&"->"&$Q2)+($N$2:$N$21=$P2&"->"&$Q2)+($O$2:$O$21=$P2&"->"&$Q2))) -> 62.435216 | U2: A | V2: 0 | W2: =R2 -> 49948.173 | X2: =R3 -> 15927.5 | Y2: 0 | Z2: 0 | AA2: 0 | AB2: 0 | AC2: 0 | AD2: 0 | AE2: 0 | AF2: 0 | AG2: 0 | AH2: 0
A3: P2 | B3: A | C3: C | D3: D | E3: H | F3: J | I3: 15927.5 | J3: =IF(AND(B3<>"",C3<>"",B3<>C3),B3&"->"&C3,"") -> A->C | K3: =IF(AND(C3<>"",D3<>"",C3<>D3),C3&"->"&D3,"") -> C->D | L3: =IF(AND(D3<>"",E3<>"",D3<>E3),D3&"->"&E3,"") -> D->H | M3: =IF(AND(E3<>"",F3<>"",E3<>F3),E3&"->"&F3,"") -> H->J | N3: =IF(AND(F3<>"",G3<>"",F3<>G3),F3&"->"&G3,"") | O3: =IF(AND(G3<>"",H3<>"",G3<>H3),G3&"->"&H3,"") | P3: A | Q3: C | R3: =SUMPRODUCT($I$2:$I$21*(($J$2:$J$21=$P3&"->"&$Q3)+($K$2:$K$21=$P3&"->"&$Q3)+($L$2:$L$21=$P3&"->"&$Q3)+($M$2:$M$21=$P3&"->"&$Q3)+($N$2:$N$21=$P3&"->"&$Q3)+($O$2:$O$21=$P3&"->"&$Q3))) -> 15927.5 | S3: =SUMPRODUCT($D$26:$D$45*(($J$2:$J$21=$P3&"->"&$Q3)+($K$2:$K$21=$P3&"->"&$Q3)+($L$2:$L$21=$P3&"->"&$Q3)+($M$2:$M$21=$P3&"->"&$Q3)+($N$2:$N$21=$P3&"->"&$Q3)+($O$2:$O$21=$P3&"->"&$Q3))) -> 19.909375 | U3: B | V3: =R4 -> 30602.933 | W3: 0 | X3: =R5 -> 46927.404 | Y3: =R6 -> 21802.308 | Z3: 0 | AA3: 0 | AB3: 0 | AC3: 0 | AD3: 0 | AE3: 0 | AF3: 0 | AG3: 0 | AH3: 0
A4: P3 | B4: B | C4: D | D4: C | E4: I | F4: J | I4: 8293.0769 | J4: =IF(AND(B4<>"",C4<>"",B4<>C4),B4&"->"&C4,"") -> B->D | K4: =IF(AND(C4<>"",D4<>"",C4<>D4),C4&"->"&D4,"") -> D->C | L4: =IF(AND(D4<>"",E4<>"",D4<>E4),D4&"->"&E4,"") -> C->I | M4: =IF(AND(E4<>"",F4<>"",E4<>F4),E4&"->"&F4,"") -> I->J | N4: =IF(AND(F4<>"",G4<>"",F4<>G4),F4&"->"&G4,"") | O4: =IF(AND(G4<>"",H4<>"",G4<>H4),G4&"->"&H4,"") | P4: B | Q4: A | R4: =SUMPRODUCT($I$2:$I$21*(($J$2:$J$21=$P4&"->"&$Q4)+($K$2:$K$21=$P4&"->"&$Q4)+($L$2:$L$21=$P4&"->"&$Q4)+($M$2:$M$21=$P4&"->"&$Q4)+($N$2:$N$21=$P4&"->"&$Q4)+($O$2:$O$21=$P4&"->"&$Q4))) -> 30602.933 | S4: =SUMPRODUCT($D$26:$D$45*(($J$2:$J$21=$P4&"->"&$Q4)+($K$2:$K$21=$P4&"->"&$Q4)+($L$2:$L$21=$P4&"->"&$Q4)+($M$2:$M$21=$P4&"->"&$Q4)+($N$2:$N$21=$P4&"->"&$Q4)+($O$2:$O$21=$P4&"->"&$Q4))) -> 38.253666 | U4: C | V4: 0 | W4: 0 | X4: 0 | Y4: =R7 -> 83514.904 | Z4: 0 | AA4: 0 | AB4: 0 | AC4: 0 | AD4: =R8 -> 8293.0769 | AE4: 0 | AF4: 0 | AG4: 0 | AH4: 0
A5: P4 | B5: A | C5: B | D5: D | E5: G | F5: H | I5: 13509.231 | J5: =IF(AND(B5<>"",C5<>"",B5<>C5),B5&"->"&C5,"") -> A->B | K5: =IF(AND(C5<>"",D5<>"",C5<>D5),C5&"->"&D5,"") -> B->D | L5: =IF(AND(D5<>"",E5<>"",D5<>E5),D5&"->"&E5,"") -> D->G | M5: =IF(AND(E5<>"",F5<>"",E5<>F5),E5&"->"&F5,"") -> G->H | N5: =IF(AND(F5<>"",G5<>"",F5<>G5),F5&"->"&G5,"") | O5: =IF(AND(G5<>"",H5<>"",G5<>H5),G5&"->"&H5,"") | P5: B | Q5: C | R5: =SUMPRODUCT($I$2:$I$21*(($J$2:$J$21=$P5&"->"&$Q5)+($K$2:$K$21=$P5&"->"&$Q5)+($L$2:$L$21=$P5&"->"&$Q5)+($M$2:$M$21=$P5&"->"&$Q5)+($N$2:$N$21=$P5&"->"&$Q5)+($O$2:$O$21=$P5&"->"&$Q5))) -> 46927.404 | S5: =SUMPRODUCT($D$26:$D$45*(($J$2:$J$21=$P5&"->"&$Q5)+($K$2:$K$21=$P5&"->"&$Q5)+($L$2:$L$21=$P5&"->"&$Q5)+($M$2:$M$21=$P5&"->"&$Q5)+($N$2:$N$21=$P5&"->"&$Q5)+($O$2:$O$21=$P5&"->"&$Q5))) -> 58.659255 | U5: D | V5: 0 | W5: 0 | X5: =R9 -> 8293.0769 | Y5: 0 | Z5: 0 | AA5: 0 | AB5: =R10 -> 13509.231 | AC5: =R11 -> 21763.51 | AD5: =R12 -> 61751.394 | AE5: 0 | AF5: 0 | AG5: 0 | AH5: 0
A6: P5 | B6: B | C6: C | D6: D | E6: I | I6: 10488.462 | J6: =IF(AND(B6<>"",C6<>"",B6<>C6),B6&"->"&C6,"") -> B->C | K6: =IF(AND(C6<>"",D6<>"",C6<>D6),C6&"->"&D6,"") -> C->D | L6: =IF(AND(D6<>"",E6<>"",D6<>E6),D6&"->"&E6,"") -> D->I | M6: =IF(AND(E6<>"",F6<>"",E6<>F6),E6&"->"&F6,"") | N6: =IF(AND(F6<>"",G6<>"",F6<>G6),F6&"->"&G6,"") | O6: =IF(AND(G6<>"",H6<>"",G6<>H6),G6&"->"&H6,"") | P6: B | Q6: D | R6: =SUMPRODUCT($I$2:$I$21*(($J$2:$J$21=$P6&"->"&$Q6)+($K$2:$K$21=$P6&"->"&$Q6)+($L$2:$L$21=$P6&"->"&$Q6)+($M$2:$M$21=$P6&"->"&$Q6)+($N$2:$N$21=$P6&"->"&$Q6)+($O$2:$O$21=$P6&"->"&$Q6))) -> 21802.308 | S6: =SUMPRODUCT($D$26:$D$45*(($J$2:$J$21=$P6&"->"&$Q6)+($K$2:$K$21=$P6&"->"&$Q6)+($L$2:$L$21=$P6&"->"&$Q6)+($M$2:$M$21=$P6&"->"&$Q6)+($N$2:$N$21=$P6&"->"&$Q6)+($O$2:$O$21=$P6&"->"&$Q6))) -> 27.252885 | U6: E | V6: 0 | W6: 0 | X6: 0 | Y6: 0 | Z6: 0 | AA6: =R13 -> 61212.452 | AB6: =R14 -> 54104.615 | AC6: =R15 -> 6041.5385 | AD6: 0 | AE6: 0 | AF6: 0 | AG6: 0 | AH6: 0
A7: P6 | B7: A | C7: B | D7: C | E7: D | F7: H | G7: I | H7: J | I7: 5836.0096 | J7: =IF(AND(B7<>"",C7<>"",B7<>C7),B7&"->"&C7,"") -> A->B | K7: =IF(AND(C7<>"",D7<>"",C7<>D7),C7&"->"&D7,"") -> B->C | L7: =IF(AND(D7<>"",E7<>"",D7<>E7),D7&"->"&E7,"") -> C->D | M7: =IF(AND(E7<>"",F7<>"",E7<>F7),E7&"->"&F7,"") -> D->H | N7: =IF(AND(F7<>"",G7<>"",F7<>G7),F7&"->"&G7,"") -> H->I | O7: =IF(AND(G7<>"",H7<>"",G7<>H7),G7&"->"&H7,"") -> I->J | P7: C | Q7: D | R7: =SUMPRODUCT($I$2:$I$21*(($J$2:$J$21=$P7&"->"&$Q7)+($K$2:$K$21=$P7&"->"&$Q7)+($L$2:$L$21=$P7&"->"&$Q7)+($M$2:$M$21=$P7&"->"&$Q7)+($N$2:$N$21=$P7&"->"&$Q7)+($O$2:$O$21=$P7&"->"&$Q7))) -> 83514.904 | S7: =SUMPRODUCT($D$26:$D$45*(($J$2:$J$21=$P7&"->"&$Q7)+($K$2:$K$21=$P7&"->"&$Q7)+($L$2:$L$21=$P7&"->"&$Q7)+($M$2:$M$21=$P7&"->"&$Q7)+($N$2:$N$21=$P7&"->"&$Q7)+($O$2:$O$21=$P7&"->"&$Q7))) -> 104.39363 | U7: F | V7: 0 | W7: 0 | X7: =R16 -> 20660 | Y7: 0 | Z7: 0 | AA7: 0 | AB7: =R17 -> 54492.5 | AC7: =R18 -> 21084.231 | AD7: =R19 -> 20968.702 | AE7: 0 | AF7: 0 | AG7: 0 | AH7: 0
A8: P7 | B8: E | C8: F | D8: C | E8: D | F8: I | G8: J | I8: 20660 | J8: =IF(AND(B8<>"",C8<>"",B8<>C8),B8&"->"&C8,"") -> E->F | K8: =IF(AND(C8<>"",D8<>"",C8<>D8),C8&"->"&D8,"") -> F->C | L8: =IF(AND(D8<>"",E8<>"",D8<>E8),D8&"->"&E8,"") -> C->D | M8: =IF(AND(E8<>"",F8<>"",E8<>F8),E8&"->"&F8,"") -> D->I | N8: =IF(AND(F8<>"",G8<>"",F8<>G8),F8&"->"&G8,"") -> I->J | O8: =IF(AND(G8<>"",H8<>"",G8<>H8),G8&"->"&H8,"") | P8: C | Q8: I | R8: =SUMPRODUCT($I$2:$I$21*(($J$2:$J$21=$P8&"->"&$Q8)+($K$2:$K$21=$P8&"->"&$Q8)+($L$2:$L$21=$P8&"->"&$Q8)+($M$2:$M$21=$P8&"->"&$Q8)+($N$2:$N$21=$P8&"->"&$Q8)+($O$2:$O$21=$P8&"->"&$Q8))) -> 8293.0769 | S8: =SUMPRODUCT($D$26:$D$45*(($J$2:$J$21=$P8&"->"&$Q8)+($K$2:$K$21=$P8&"->"&$Q8)+($L$2:$L$21=$P8&"->"&$Q8)+($M$2:$M$21=$P8&"->"&$Q8)+($N$2:$N$21=$P8&"->"&$Q8)+($O$2:$O$21=$P8&"->"&$Q8))) -> 10.366346 | U8: G | V8: 0 | W8: 0 | X8: 0 | Y8: 0 | Z8: =R20 -> 25073.942 | AA8: =R21 -> 24527.596 | AB8: 0 | AC8: =R22 -> 47430.865 | AD8: =R23 -> 25073.942 | AE8: 0 | AF8: 0 | AG8: 0 | AH8: 0
A9: P8 | B9: E | C9: H | D9: J | E9: I | I9: 6041.5385 | J9: =IF(AND(B9<>"",C9<>"",B9<>C9),B9&"->"&C9,"") -> E->H | K9: =IF(AND(C9<>"",D9<>"",C9<>D9),C9&"->"&D9,"") -> H->J | L9: =IF(AND(D9<>"",E9<>"",D9<>E9),D9&"->"&E9,"") -> J->I | M9: =IF(AND(E9<>"",F9<>"",E9<>F9),E9&"->"&F9,"") | N9: =IF(AND(F9<>"",G9<>"",F9<>G9),F9&"->"&G9,"") | O9: =IF(AND(G9<>"",H9<>"",G9<>H9),G9&"->"&H9,"") | P9: D | Q9: C | R9: =SUMPRODUCT($I$2:$I$21*(($J$2:$J$21=$P9&"->"&$Q9)+($K$2:$K$21=$P9&"->"&$Q9)+($L$2:$L$21=$P9&"->"&$Q9)+($M$2:$M$21=$P9&"->"&$Q9)+($N$2:$N$21=$P9&"->"&$Q9)+($O$2:$O$21=$P9&"->"&$Q9))) -> 8293.0769 | S9: =SUMPRODUCT($D$26:$D$45*(($J$2:$J$21=$P9&"->"&$Q9)+($K$2:$K$21=$P9&"->"&$Q9)+($L$2:$L$21=$P9&"->"&$Q9)+($M$2:$M$21=$P9&"->"&$Q9)+($N$2:$N$21=$P9&"->"&$Q9)+($O$2:$O$21=$P9&"->"&$Q9))) -> 10.366346 | U9: H | V9: 0 | W9: 0 | X9: 0 | Y9: 0 | Z9: 0 | AA9: 0 | AB9: 0 | AC9: 0 | AD9: =R24 -> 31068.413 | AE9: =R25 -> 24989.808 | AF9: 0 | AG9: 0 | AH9: 0
A10: P9 | B10: F | C10: G | D10: E | E10: G | F10: I | G10: J | I10: 13401.923 | J10: =IF(AND(B10<>"",C10<>"",B10<>C10),B10&"->"&C10,"") -> F->G | K10: =IF(AND(C10<>"",D10<>"",C10<>D10),C10&"->"&D10,"") -> G->E | L10: =IF(AND(D10<>"",E10<>"",D10<>E10),D10&"->"&E10,"") -> E->G | M10: =IF(AND(E10<>"",F10<>"",E10<>F10),E10&"->"&F10,"") -> G->I | N10: =IF(AND(F10<>"",G10<>"",F10<>G10),F10&"->"&G10,"") -> I->J | O10: =IF(AND(G10<>"",H10<>"",G10<>H10),G10&"->"&H10,"") | P10: D | Q10: G | R10: =SUMPRODUCT($I$2:$I$21*(($J$2:$J$21=$P10&"->"&$Q10)+($K$2:$K$21=$P10&"->"&$Q10)+($L$2:$L$21=$P10&"->"&$Q10)+($M$2:$M$21=$P10&"->"&$Q10)+($N$2:$N$21=$P10&"->"&$Q10)+($O$2:$O$21=$P10&"->"&$Q10))) -> 13509.231 | S10: =SUMPRODUCT($D$26:$D$45*(($J$2:$J$21=$P10&"->"&$Q10)+($K$2:$K$21=$P10&"->"&$Q10)+($L$2:$L$21=$P10&"->"&$Q10)+($M$2:$M$21=$P10&"->"&$Q10)+($N$2:$N$21=$P10&"->"&$Q10)+($O$2:$O$21=$P10&"->"&$Q10))) -> 16.886538 | U10: I | V10: 0 | W10: 0 | X10: 0 | Y10: 0 | Z10: 0 | AA10: 0 | AB10: 0 | AC10: 0 | AD10: 0 | AE10: =R26 -> 117826.11 | AF10: 0 | AG10: 0 | AH10: 0
A11: P10 | B11: E | C11: F | D11: I | E11: J | I11: 6630.8173 | J11: =IF(AND(B11<>"",C11<>"",B11<>C11),B11&"->"&C11,"") -> E->F | K11: =IF(AND(C11<>"",D11<>"",C11<>D11),C11&"->"&D11,"") -> F->I | L11: =IF(AND(D11<>"",E11<>"",D11<>E11),D11&"->"&E11,"") -> I->J | M11: =IF(AND(E11<>"",F11<>"",E11<>F11),E11&"->"&F11,"") | N11: =IF(AND(F11<>"",G11<>"",F11<>G11),F11&"->"&G11,"") | O11: =IF(AND(G11<>"",H11<>"",G11<>H11),G11&"->"&H11,"") | P11: D | Q11: H | R11: =SUMPRODUCT($I$2:$I$21*(($J$2:$J$21=$P11&"->"&$Q11)+($K$2:$K$21=$P11&"->"&$Q11)+($L$2:$L$21=$P11&"->"&$Q11)+($M$2:$M$21=$P11&"->"&$Q11)+($N$2:$N$21=$P11&"->"&$Q11)+($O$2:$O$21=$P11&"->"&$Q11))) -> 21763.51 | S11: =SUMPRODUCT($D$26:$D$45*(($J$2:$J$21=$P11&"->"&$Q11)+($K$2:$K$21=$P11&"->"&$Q11)+($L$2:$L$21=$P11&"->"&$Q11)+($M$2:$M$21=$P11&"->"&$Q11)+($N$2:$N$21=$P11&"->"&$Q11)+($O$2:$O$21=$P11&"->"&$Q11))) -> 27.204387 | U11: J | V11: 0 | W11: 0 | X11: 0 | Y11: 0 | Z11: 0 | AA11: 0 | AB11: 0 | AC11: 0 | AD11: 265 | AE11: 0 | AF11: 0 | AG11: 0 | AH11: 0
A12: P11 | B12: E | C12: G | D12: E | E12: G | F12: I | I12: 11672.019 | J12: =IF(AND(B12<>"",C12<>"",B12<>C12),B12&"->"&C12,"") -> E->G | K12: =IF(AND(C12<>"",D12<>"",C12<>D12),C12&"->"&D12,"") -> G->E | L12: =IF(AND(D12<>"",E12<>"",D12<>E12),D12&"->"&E12,"") -> E->G | M12: =IF(AND(E12<>"",F12<>"",E12<>F12),E12&"->"&F12,"") -> G->I | N12: =IF(AND(F12<>"",G12<>"",F12<>G12),F12&"->"&G12,"") | O12: =IF(AND(G12<>"",H12<>"",G12<>H12),G12&"->"&H12,"") | P12: D | Q12: I | R12: =SUMPRODUCT($I$2:$I$21*(($J$2:$J$21=$P12&"->"&$Q12)+($K$2:$K$21=$P12&"->"&$Q12)+($L$2:$L$21=$P12&"->"&$Q12)+($M$2:$M$21=$P12&"->"&$Q12)+($N$2:$N$21=$P12&"->"&$Q12)+($O$2:$O$21=$P12&"->"&$Q12))) -> 61751.394 | S12: =SUMPRODUCT($D$26:$D$45*(($J$2:$J$21=$P12&"->"&$Q12)+($K$2:$K$21=$P12&"->"&$Q12)+($L$2:$L$21=$P12&"->"&$Q12)+($M$2:$M$21=$P12&"->"&$Q12)+($N$2:$N$21=$P12&"->"&$Q12)+($O$2:$O$21=$P12&"->"&$Q12))) -> 77.189243 | U12: K | V12: 0 | W12: 0 | X12: 0 | Y12: 0 | Z12: 0 | AA12: 0 | AB12: 0 | AC12: 0 | AD12: 0 | AE12: 0 | AF12: 0 | AG12: =R28 -> 24420.288 | AH12: =R29 -> 38971.923
A13: P12 | B13: E | C13: G | D13: F | E13: I | F13: J | I13: 14337.885 | J13: =IF(AND(B13<>"",C13<>"",B13<>C13),B13&"->"&C13,"") -> E->G | K13: =IF(AND(C13<>"",D13<>"",C13<>D13),C13&"->"&D13,"") -> G->F | L13: =IF(AND(D13<>"",E13<>"",D13<>E13),D13&"->"&E13,"") -> F->I | M13: =IF(AND(E13<>"",F13<>"",E13<>F13),E13&"->"&F13,"") -> I->J | N13: =IF(AND(F13<>"",G13<>"",F13<>G13),F13&"->"&G13,"") | O13: =IF(AND(G13<>"",H13<>"",G13<>H13),G13&"->"&H13,"") | P13: E | Q13: F | R13: =SUMPRODUCT($I$2:$I$21*(($J$2:$J$21=$P13&"->"&$Q13)+($K$2:$K$21=$P13&"->"&$Q13)+($L$2:$L$21=$P13&"->"&$Q13)+($M$2:$M$21=$P13&"->"&$Q13)+($N$2:$N$21=$P13&"->"&$Q13)+($O$2:$O$21=$P13&"->"&$Q13))) -> 61212.452 | S13: =SUMPRODUCT($D$26:$D$45*(($J$2:$J$21=$P13&"->"&$Q13)+($K$2:$K$21=$P13&"->"&$Q13)+($L$2:$L$21=$P13&"->"&$Q13)+($M$2:$M$21=$P13&"->"&$Q13)+($N$2:$N$21=$P13&"->"&$Q13)+($O$2:$O$21=$P13&"->"&$Q13))) -> 76.515565 | U13: L | V13: 0 | W13: 0 | X13: 0 | Y13: 0 | Z13: 0 | AA13: 0 | AB13: 0 | AC13: 0 | AD13: 0 | AE13: 0 | AF13: =R30 -> 38971.923 | AG13: 0 | AH13: =R31 -> 65708.942
A14: P13 | B14: E | C14: F | D14: G | E14: F | F14: G | G14: H | H14: I | I14: 7168.9423 | J14: =IF(AND(B14<>"",C14<>"",B14<>C14),B14&"->"&C14,"") -> E->F | K14: =IF(AND(C14<>"",D14<>"",C14<>D14),C14&"->"&D14,"") -> F->G | L14: =IF(AND(D14<>"",E14<>"",D14<>E14),D14&"->"&E14,"") -> G->F | M14: =IF(AND(E14<>"",F14<>"",E14<>F14),E14&"->"&F14,"") -> F->G | N14: =IF(AND(F14<>"",G14<>"",F14<>G14),F14&"->"&G14,"") -> G->H | O14: =IF(AND(G14<>"",H14<>"",G14<>H14),G14&"->"&H14,"") -> H->I | P14: E | Q14: G | R14: =SUMPRODUCT($I$2:$I$21*(($J$2:$J$21=$P14&"->"&$Q14)+($K$2:$K$21=$P14&"->"&$Q14)+($L$2:$L$21=$P14&"->"&$Q14)+($M$2:$M$21=$P14&"->"&$Q14)+($N$2:$N$21=$P14&"->"&$Q14)+($O$2:$O$21=$P14&"->"&$Q14))) -> 54104.615 | S14: =SUMPRODUCT($D$26:$D$45*(($J$2:$J$21=$P14&"->"&$Q14)+($K$2:$K$21=$P14&"->"&$Q14)+($L$2:$L$21=$P14&"->"&$Q14)+($M$2:$M$21=$P14&"->"&$Q14)+($N$2:$N$21=$P14&"->"&$Q14)+($O$2:$O$21=$P14&"->"&$Q14))) -> 67.630769 | U14: M | V14: 0 | W14: 0 | X14: 0 | Y14: 0 | Z14: 0 | AA14: 0 | AB14: 0 | AC14: 0 | AD14: 0 | AE14: 0 | AF14: 0 | AG14: =R32 -> 29270 | AH14: 0
A15: P14 | B15: E | C15: F | D15: G | E15: H | I15: 26752.692 | J15: =IF(AND(B15<>"",C15<>"",B15<>C15),B15&"->"&C15,"") -> E->F | K15: =IF(AND(C15<>"",D15<>"",C15<>D15),C15&"->"&D15,"") -> F->G | L15: =IF(AND(D15<>"",E15<>"",D15<>E15),D15&"->"&E15,"") -> G->H | M15: =IF(AND(E15<>"",F15<>"",E15<>F15),E15&"->"&F15,"") | N15: =IF(AND(F15<>"",G15<>"",F15<>G15),F15&"->"&G15,"") | O15: =IF(AND(G15<>"",H15<>"",G15<>H15),G15&"->"&H15,"") | P15: E | Q15: H | R15: =SUMPRODUCT($I$2:$I$21*(($J$2:$J$21=$P15&"->"&$Q15)+($K$2:$K$21=$P15&"->"&$Q15)+($L$2:$L$21=$P15&"->"&$Q15)+($M$2:$M$21=$P15&"->"&$Q15)+($N$2:$N$21=$P15&"->"&$Q15)+($O$2:$O$21=$P15&"->"&$Q15))) -> 6041.5385 | S15: =SUMPRODUCT($D$26:$D$45*(($J$2:$J$21=$P15&"->"&$Q15)+($K$2:$K$21=$P15&"->"&$Q15)+($L$2:$L$21=$P15&"->"&$Q15)+($M$2:$M$21=$P15&"->"&$Q15)+($N$2:$N$21=$P15&"->"&$Q15)+($O$2:$O$21=$P15&"->"&$Q15))) -> 7.5519231
A16: P15 | B16: E | C16: G | D16: F | E16: H | F16: J | I16: 3020.7692 | J16: =IF(AND(B16<>"",C16<>"",B16<>C16),B16&"->"&C16,"") -> E->G | K16: =IF(AND(C16<>"",D16<>"",C16<>D16),C16&"->"&D16,"") -> G->F | L16: =IF(AND(D16<>"",E16<>"",D16<>E16),D16&"->"&E16,"") -> F->H | M16: =IF(AND(E16<>"",F16<>"",E16<>F16),E16&"->"&F16,"") -> H->J | N16: =IF(AND(F16<>"",G16<>"",F16<>G16),F16&"->"&G16,"") | O16: =IF(AND(G16<>"",H16<>"",G16<>H16),G16&"->"&H16,"") | P16: F | Q16: C | R16: =SUMPRODUCT($I$2:$I$21*(($J$2:$J$21=$P16&"->"&$Q16)+($K$2:$K$21=$P16&"->"&$Q16)+($L$2:$L$21=$P16&"->"&$Q16)+($M$2:$M$21=$P16&"->"&$Q16)+($N$2:$N$21=$P16&"->"&$Q16)+($O$2:$O$21=$P16&"->"&$Q16))) -> 20660 | S16: =SUMPRODUCT($D$26:$D$45*(($J$2:$J$21=$P16&"->"&$Q16)+($K$2:$K$21=$P16&"->"&$Q16)+($L$2:$L$21=$P16&"->"&$Q16)+($M$2:$M$21=$P16&"->"&$Q16)+($N$2:$N$21=$P16&"->"&$Q16)+($O$2:$O$21=$P16&"->"&$Q16))) -> 25.825
A17: P16 | B17: F | C17: H | D17: I | E17: J | I17: 18063.462 | J17: =IF(AND(B17<>"",C17<>"",B17<>C17),B17&"->"&C17,"") -> F->H | K17: =IF(AND(C17<>"",D17<>"",C17<>D17),C17&"->"&D17,"") -> H->I | L17: =IF(AND(D17<>"",E17<>"",D17<>E17),D17&"->"&E17,"") -> I->J | M17: =IF(AND(E17<>"",F17<>"",E17<>F17),E17&"->"&F17,"") | N17: =IF(AND(F17<>"",G17<>"",F17<>G17),F17&"->"&G17,"") | O17: =IF(AND(G17<>"",H17<>"",G17<>H17),G17&"->"&H17,"") | P17: F | Q17: G | R17: =SUMPRODUCT($I$2:$I$21*(($J$2:$J$21=$P17&"->"&$Q17)+($K$2:$K$21=$P17&"->"&$Q17)+($L$2:$L$21=$P17&"->"&$Q17)+($M$2:$M$21=$P17&"->"&$Q17)+($N$2:$N$21=$P17&"->"&$Q17)+($O$2:$O$21=$P17&"->"&$Q17))) -> 54492.5 | S17: =SUMPRODUCT($D$26:$D$45*(($J$2:$J$21=$P17&"->"&$Q17)+($K$2:$K$21=$P17&"->"&$Q17)+($L$2:$L$21=$P17&"->"&$Q17)+($M$2:$M$21=$P17&"->"&$Q17)+($N$2:$N$21=$P17&"->"&$Q17)+($O$2:$O$21=$P17&"->"&$Q17))) -> 68.115625
A18: P17 | B18: K | C18: L | D18: M | I18: 7168.9423 | J18: =IF(AND(B18<>"",C18<>"",B18<>C18),B18&"->"&C18,"") -> K->L | K18: =IF(AND(C18<>"",D18<>"",C18<>D18),C18&"->"&D18,"") -> L->M | L18: =IF(AND(D18<>"",E18<>"",D18<>E18),D18&"->"&E18,"") | M18: =IF(AND(E18<>"",F18<>"",E18<>F18),E18&"->"&F18,"") | N18: =IF(AND(F18<>"",G18<>"",F18<>G18),F18&"->"&G18,"") | O18: =IF(AND(G18<>"",H18<>"",G18<>H18),G18&"->"&H18,"") | P18: F | Q18: H | R18: =SUMPRODUCT($I$2:$I$21*(($J$2:$J$21=$P18&"->"&$Q18)+($K$2:$K$21=$P18&"->"&$Q18)+($L$2:$L$21=$P18&"->"&$Q18)+($M$2:$M$21=$P18&"->"&$Q18)+($N$2:$N$21=$P18&"->"&$Q18)+($O$2:$O$21=$P18&"->"&$Q18))) -> 21084.231 | S18: =SUMPRODUCT($D$26:$D$45*(($J$2:$J$21=$P18&"->"&$Q18)+($K$2:$K$21=$P18&"->"&$Q18)+($L$2:$L$21=$P18&"->"&$Q18)+($M$2:$M$21=$P18&"->"&$Q18)+($N$2:$N$21=$P18&"->"&$Q18)+($O$2:$O$21=$P18&"->"&$Q18))) -> 26.355288
A19: P18 | B19: K | C19: L | D19: K | E19: M | I19: 17251.346 | J19: =IF(AND(B19<>"",C19<>"",B19<>C19),B19&"->"&C19,"") -> K->L | K19: =IF(AND(C19<>"",D19<>"",C19<>D19),C19&"->"&D19,"") -> L->K | L19: =IF(AND(D19<>"",E19<>"",D19<>E19),D19&"->"&E19,"") -> K->M | M19: =IF(AND(E19<>"",F19<>"",E19<>F19),E19&"->"&F19,"") | N19: =IF(AND(F19<>"",G19<>"",F19<>G19),F19&"->"&G19,"") | O19: =IF(AND(G19<>"",H19<>"",G19<>H19),G19&"->"&H19,"") | P19: F | Q19: I | R19: =SUMPRODUCT($I$2:$I$21*(($J$2:$J$21=$P19&"->"&$Q19)+($K$2:$K$21=$P19&"->"&$Q19)+($L$2:$L$21=$P19&"->"&$Q19)+($M$2:$M$21=$P19&"->"&$Q19)+($N$2:$N$21=$P19&"->"&$Q19)+($O$2:$O$21=$P19&"->"&$Q19))) -> 20968.702 | S19: =SUMPRODUCT($D$26:$D$45*(($J$2:$J$21=$P19&"->"&$Q19)+($K$2:$K$21=$P19&"->"&$Q19)+($L$2:$L$21=$P19&"->"&$Q19)+($M$2:$M$21=$P19&"->"&$Q19)+($N$2:$N$21=$P19&"->"&$Q19)+($O$2:$O$21=$P19&"->"&$Q19))) -> 26.210877
A20: P19 | B20: L | C20: M | D20: L | E20: M | I20: 29270 | J20: =IF(AND(B20<>"",C20<>"",B20<>C20),B20&"->"&C20,"") -> L->M | K20: =IF(AND(C20<>"",D20<>"",C20<>D20),C20&"->"&D20,"") -> M->L | L20: =IF(AND(D20<>"",E20<>"",D20<>E20),D20&"->"&E20,"") -> L->M | M20: =IF(AND(E20<>"",F20<>"",E20<>F20),E20&"->"&F20,"") | N20: =IF(AND(F20<>"",G20<>"",F20<>G20),F20&"->"&G20,"") | O20: =IF(AND(G20<>"",H20<>"",G20<>H20),G20&"->"&H20,"") | P20: G | Q20: E | R20: =SUMPRODUCT($I$2:$I$21*(($J$2:$J$21=$P20&"->"&$Q20)+($K$2:$K$21=$P20&"->"&$Q20)+($L$2:$L$21=$P20&"->"&$Q20)+($M$2:$M$21=$P20&"->"&$Q20)+($N$2:$N$21=$P20&"->"&$Q20)+($O$2:$O$21=$P20&"->"&$Q20))) -> 25073.942 | S20: =SUMPRODUCT($D$26:$D$45*(($J$2:$J$21=$P20&"->"&$Q20)+($K$2:$K$21=$P20&"->"&$Q20)+($L$2:$L$21=$P20&"->"&$Q20)+($M$2:$M$21=$P20&"->"&$Q20)+($N$2:$N$21=$P20&"->"&$Q20)+($O$2:$O$21=$P20&"->"&$Q20))) -> 31.342428
A21: P20 | B21: L | C21: K | D21: M | I21: 21720.577 | J21: =IF(AND(B21<>"",C21<>"",B21<>C21),B21&"->"&C21,"") -> L->K | K21: =IF(AND(C21<>"",D21<>"",C21<>D21),C21&"->"&D21,"") -> K->M | L21: =IF(AND(D21<>"",E21<>"",D21<>E21),D21&"->"&E21,"") | M21: =IF(AND(E21<>"",F21<>"",E21<>F21),E21&"->"&F21,"") | N21: =IF(AND(F21<>"",G21<>"",F21<>G21),F21&"->"&G21,"") | O21: =IF(AND(G21<>"",H21<>"",G21<>H21),G21&"->"&H21,"") | P21: G | Q21: F | R21: =SUMPRODUCT($I$2:$I$21*(($J$2:$J$21=$P21&"->"&$Q21)+($K$2:$K$21=$P21&"->"&$Q21)+($L$2:$L$21=$P21&"->"&$Q21)+($M$2:$M$21=$P21&"->"&$Q21)+($N$2:$N$21=$P21&"->"&$Q21)+($O$2:$O$21=$P21&"->"&$Q21))) -> 24527.596 | S21: =SUMPRODUCT($D$26:$D$45*(($J$2:$J$21=$P21&"->"&$Q21)+($K$2:$K$21=$P21&"->"&$Q21)+($L$2:$L$21=$P21&"->"&$Q21)+($M$2:$M$21=$P21&"->"&$Q21)+($N$2:$N$21=$P21&"->"&$Q21)+($O$2:$O$21=$P21&"->"&$Q21))) -> 30.659495
P22: G | Q22: H | R22: =SUMPRODUCT($I$2:$I$21*(($J$2:$J$21=$P22&"->"&$Q22)+($K$2:$K$21=$P22&"->"&$Q22)+($L$2:$L$21=$P22&"->"&$Q22)+($M$2:$M$21=$P22&"->"&$Q22)+($N$2:$N$21=$P22&"->"&$Q22)+($O$2:$O$21=$P22&"->"&$Q22))) -> 47430.865 | S22: =SUMPRODUCT($D$26:$D$45*(($J$2:$J$21=$P22&"->"&$Q22)+($K$2:$K$21=$P22&"->"&$Q22)+($L$2:$L$21=$P22&"->"&$Q22)+($M$2:$M$21=$P22&"->"&$Q22)+($N$2:$N$21=$P22&"->"&$Q22)+($O$2:$O$21=$P22&"->"&$Q22))) -> 59.288582
P23: G | Q23: I | R23: =SUMPRODUCT($I$2:$I$21*(($J$2:$J$21=$P23&"->"&$Q23)+($K$2:$K$21=$P23&"->"&$Q23)+($L$2:$L$21=$P23&"->"&$Q23)+($M$2:$M$21=$P23&"->"&$Q23)+($N$2:$N$21=$P23&"->"&$Q23)+($O$2:$O$21=$P23&"->"&$Q23))) -> 25073.942 | S23: =SUMPRODUCT($D$26:$D$45*(($J$2:$J$21=$P23&"->"&$Q23)+($K$2:$K$21=$P23&"->"&$Q23)+($L$2:$L$21=$P23&"->"&$Q23)+($M$2:$M$21=$P23&"->"&$Q23)+($N$2:$N$21=$P23&"->"&$Q23)+($O$2:$O$21=$P23&"->"&$Q23))) -> 31.342428
P24: H | Q24: I | R24: =SUMPRODUCT($I$2:$I$21*(($J$2:$J$21=$P24&"->"&$Q24)+($K$2:$K$21=$P24&"->"&$Q24)+($L$2:$L$21=$P24&"->"&$Q24)+($M$2:$M$21=$P24&"->"&$Q24)+($N$2:$N$21=$P24&"->"&$Q24)+($O$2:$O$21=$P24&"->"&$Q24))) -> 31068.413 | S24: =SUMPRODUCT($D$26:$D$45*(($J$2:$J$21=$P24&"->"&$Q24)+($K$2:$K$21=$P24&"->"&$Q24)+($L$2:$L$21=$P24&"->"&$Q24)+($M$2:$M$21=$P24&"->"&$Q24)+($N$2:$N$21=$P24&"->"&$Q24)+($O$2:$O$21=$P24&"->"&$Q24))) -> 38.835517
A25: Year 1 | B25: Weekly_Robust_Demand_99p5_Units | C25: /10 one center | D25: hour/center | P25: H | Q25: J | R25: =SUMPRODUCT($I$2:$I$21*(($J$2:$J$21=$P25&"->"&$Q25)+($K$2:$K$21=$P25&"->"&$Q25)+($L$2:$L$21=$P25&"->"&$Q25)+($M$2:$M$21=$P25&"->"&$Q25)+($N$2:$N$21=$P25&"->"&$Q25)+($O$2:$O$21=$P25&"->"&$Q25))) -> 24989.808 | S25: =SUMPRODUCT($D$26:$D$45*(($J$2:$J$21=$P25&"->"&$Q25)+($K$2:$K$21=$P25&"->"&$Q25)+($L$2:$L$21=$P25&"->"&$Q25)+($M$2:$M$21=$P25&"->"&$Q25)+($N$2:$N$21=$P25&"->"&$Q25)+($O$2:$O$21=$P25&"->"&$Q25))) -> 31.23726
A26: P1 | B26: 30602.933 | C26: =B26/10 -> 3060.2933 | D26: =C26/16/5 -> 38.253666 | P26: I | Q26: J | R26: =SUMPRODUCT($I$2:$I$21*(($J$2:$J$21=$P26&"->"&$Q26)+($K$2:$K$21=$P26&"->"&$Q26)+($L$2:$L$21=$P26&"->"&$Q26)+($M$2:$M$21=$P26&"->"&$Q26)+($N$2:$N$21=$P26&"->"&$Q26)+($O$2:$O$21=$P26&"->"&$Q26))) -> 117826.11 | S26: =SUMPRODUCT($D$26:$D$45*(($J$2:$J$21=$P26&"->"&$Q26)+($K$2:$K$21=$P26&"->"&$Q26)+($L$2:$L$21=$P26&"->"&$Q26)+($M$2:$M$21=$P26&"->"&$Q26)+($N$2:$N$21=$P26&"->"&$Q26)+($O$2:$O$21=$P26&"->"&$Q26))) -> 147.28263
A27: P2 | B27: 15927.5 | C27: =B27/10 -> 1592.75 | D27: =C27/16/5 -> 19.909375 | P27: J | Q27: I | R27: =SUMPRODUCT($I$2:$I$21*(($J$2:$J$21=$P27&"->"&$Q27)+($K$2:$K$21=$P27&"->"&$Q27)+($L$2:$L$21=$P27&"->"&$Q27)+($M$2:$M$21=$P27&"->"&$Q27)+($N$2:$N$21=$P27&"->"&$Q27)+($O$2:$O$21=$P27&"->"&$Q27))) -> 6041.5385 | S27: =SUMPRODUCT($D$26:$D$45*(($J$2:$J$21=$P27&"->"&$Q27)+($K$2:$K$21=$P27&"->"&$Q27)+($L$2:$L$21=$P27&"->"&$Q27)+($M$2:$M$21=$P27&"->"&$Q27)+($N$2:$N$21=$P27&"->"&$Q27)+($O$2:$O$21=$P27&"->"&$Q27))) -> 7.5519231
A28: P3 | B28: 8293.0769 | C28: =B28/10 -> 829.30769 | D28: =C28/16/5 -> 10.366346 | P28: K | Q28: L | R28: =SUMPRODUCT($I$2:$I$21*(($J$2:$J$21=$P28&"->"&$Q28)+($K$2:$K$21=$P28&"->"&$Q28)+($L$2:$L$21=$P28&"->"&$Q28)+($M$2:$M$21=$P28&"->"&$Q28)+($N$2:$N$21=$P28&"->"&$Q28)+($O$2:$O$21=$P28&"->"&$Q28))) -> 24420.288 | S28: =SUMPRODUCT($D$26:$D$45*(($J$2:$J$21=$P28&"->"&$Q28)+($K$2:$K$21=$P28&"->"&$Q28)+($L$2:$L$21=$P28&"->"&$Q28)+($M$2:$M$21=$P28&"->"&$Q28)+($N$2:$N$21=$P28&"->"&$Q28)+($O$2:$O$21=$P28&"->"&$Q28))) -> 30.525361
A29: P4 | B29: 13509.231 | C29: =B29/10 -> 1350.9231 | D29: =C29/16/5 -> 16.886538 | P29: K | Q29: M | R29: =SUMPRODUCT($I$2:$I$21*(($J$2:$J$21=$P29&"->"&$Q29)+($K$2:$K$21=$P29&"->"&$Q29)+($L$2:$L$21=$P29&"->"&$Q29)+($M$2:$M$21=$P29&"->"&$Q29)+($N$2:$N$21=$P29&"->"&$Q29)+($O$2:$O$21=$P29&"->"&$Q29))) -> 38971.923 | S29: =SUMPRODUCT($D$26:$D$45*(($J$2:$J$21=$P29&"->"&$Q29)+($K$2:$K$21=$P29&"->"&$Q29)+($L$2:$L$21=$P29&"->"&$Q29)+($M$2:$M$21=$P29&"->"&$Q29)+($N$2:$N$21=$P29&"->"&$Q29)+($O$2:$O$21=$P29&"->"&$Q29))) -> 48.714904
A30: P5 | B30: 10488.462 | C30: =B30/10 -> 1048.8462 | D30: =C30/16/5 -> 13.110577 | P30: L | Q30: K | R30: =SUMPRODUCT($I$2:$I$21*(($J$2:$J$21=$P30&"->"&$Q30)+($K$2:$K$21=$P30&"->"&$Q30)+($L$2:$L$21=$P30&"->"&$Q30)+($M$2:$M$21=$P30&"->"&$Q30)+($N$2:$N$21=$P30&"->"&$Q30)+($O$2:$O$21=$P30&"->"&$Q30))) -> 38971.923 | S30: =SUMPRODUCT($D$26:$D$45*(($J$2:$J$21=$P30&"->"&$Q30)+($K$2:$K$21=$P30&"->"&$Q30)+($L$2:$L$21=$P30&"->"&$Q30)+($M$2:$M$21=$P30&"->"&$Q30)+($N$2:$N$21=$P30&"->"&$Q30)+($O$2:$O$21=$P30&"->"&$Q30))) -> 48.714904
A31: P6 | B31: 5836.0096 | C31: =B31/10 -> 583.60096 | D31: =C31/16/5 -> 7.295012 | P31: L | Q31: M | R31: =SUMPRODUCT($I$2:$I$21*(($J$2:$J$21=$P31&"->"&$Q31)+($K$2:$K$21=$P31&"->"&$Q31)+($L$2:$L$21=$P31&"->"&$Q31)+($M$2:$M$21=$P31&"->"&$Q31)+($N$2:$N$21=$P31&"->"&$Q31)+($O$2:$O$21=$P31&"->"&$Q31))) -> 65708.942 | S31: =SUMPRODUCT($D$26:$D$45*(($J$2:$J$21=$P31&"->"&$Q31)+($K$2:$K$21=$P31&"->"&$Q31)+($L$2:$L$21=$P31&"->"&$Q31)+($M$2:$M$21=$P31&"->"&$Q31)+($N$2:$N$21=$P31&"->"&$Q31)+($O$2:$O$21=$P31&"->"&$Q31))) -> 82.136178
A32: P7 | B32: 20660 | C32: =B32/10 -> 2066 | D32: =C32/16/5 -> 25.825 | P32: M | Q32: L | R32: =SUMPRODUCT($I$2:$I$21*(($J$2:$J$21=$P32&"->"&$Q32)+($K$2:$K$21=$P32&"->"&$Q32)+($L$2:$L$21=$P32&"->"&$Q32)+($M$2:$M$21=$P32&"->"&$Q32)+($N$2:$N$21=$P32&"->"&$Q32)+($O$2:$O$21=$P32&"->"&$Q32))) -> 29270 | S32: =SUMPRODUCT($D$26:$D$45*(($J$2:$J$21=$P32&"->"&$Q32)+($K$2:$K$21=$P32&"->"&$Q32)+($L$2:$L$21=$P32&"->"&$Q32)+($M$2:$M$21=$P32&"->"&$Q32)+($N$2:$N$21=$P32&"->"&$Q32)+($O$2:$O$21=$P32&"->"&$Q32))) -> 36.5875
A33: P8 | B33: 6041.5385 | C33: =B33/10 -> 604.15385 | D33: =C33/16/5 -> 7.5519231
A34: P9 | B34: 13401.923 | C34: =B34/10 -> 1340.1923 | D34: =C34/16/5 -> 16.752404
A35: P10 | B35: 6630.8173 | C35: =B35/10 -> 663.08173 | D35: =C35/16/5 -> 8.2885216
A36: P11 | B36: 11672.019 | C36: =B36/10 -> 1167.2019 | D36: =C36/16/5 -> 14.590024
A37: P12 | B37: 14337.885 | C37: =B37/10 -> 1433.7885 | D37: =C37/16/5 -> 17.922356
A38: P13 | B38: 7168.9423 | C38: =B38/10 -> 716.89423 | D38: =C38/16/5 -> 8.9611779
A39: P14 | B39: 26752.692 | C39: =B39/10 -> 2675.2692 | D39: =C39/16/5 -> 33.440865
A40: P15 | B40: 3020.7692 | C40: =B40/10 -> 302.07692 | D40: =C40/16/5 -> 3.7759615
A41: P16 | B41: 18063.462 | C41: =B41/10 -> 1806.3462 | D41: =C41/16/5 -> 22.579327
A42: P17 | B42: 7168.9423 | C42: =B42/10 -> 716.89423 | D42: =C42/16/5 -> 8.9611779
A43: P18 | B43: 17251.346 | C43: =B43/10 -> 1725.1346 | D43: =C43/16/5 -> 21.564183
A44: P19 | B44: 29270 | C44: =B44/10 -> 2927 | D44: =C44/16/5 -> 36.5875
A45: P20 | B45: 21720.577 | C45: =B45/10 -> 2172.0577 | D45: =C45/16/5 -> 27.150721

Sheet Comparison
A1: Year | B1: Weekly_Robust_Demand_99p5_Units | C1: Total Installed cost | D1: Total operator cost | E1: Total Land Fee | F1: Total Cost
A2: 2 | B2: =SUM('Y2'!D2:D21) -> 333058.78 | C2: ='Y2'!L107 -> 18309167 | D2: ='Y2'!L108 -> 147470400 | E2: ='Y2'!L109 -> 75852000 | F2: ='Y2'!L110 -> 2.4163157e+08
A3: 3 | B3: =SUM('Y3'!D2:D21) -> 336238.15 | C3: ='Y3'!L107 -> 18501667 | D3: ='Y3'!L108 -> 149077600 | E3: ='Y3'!L109 -> 75852000 | F3: ='Y3'!L110 -> 2.4343127e+08
A4: 4 | B4: =SUM('Y4'!D2:D21) -> 339417.52 | C4: ='Y4'!L107 -> 18750417 | D4: ='Y4'!L108 -> 151272800 | E4: ='Y4'!L109 -> 75852000 | F4: ='Y4'!L110 -> 2.4587522e+08
A5: 5 | B5: =SUM('Y5'!D2:D21) -> 339685.77 | C5: ='Y5'!L107 -> 18740000 | D5: ='Y5'!L108 -> 151586400 | E5: ='Y5'!L109 -> 75852000 | F5: ='Y5'!L110 -> 246178400
A36: # of machines(2 shift)
A37: Year | B37: A | C37: B | D37: C | E37: D | F37: E | G37: F | H37: G | I37: H | J37: I | K37: J | L37: K | M37: L | N37: M
A38: 2 | B38: 19 | C38: 58 | D38: 16 | E38: 84 | F38: 39 | G38: 44 | H38: 16 | I38: 56 | J38: 53 | K38: 92 | L38: 13 | M38: 57 | N38: 92
A39: 3 | B39: 20 | C39: 60 | D39: 16 | E39: 84 | F39: 39 | G39: 44 | H39: 16 | I39: 57 | J39: 53 | K39: 93 | L39: 13 | M39: 59 | N39: 94
A40: 4 | B40: 20 | C40: 62 | D40: 16 | E40: 85 | F40: 39 | G40: 43 | H40: 16 | I40: 59 | J40: 54 | K40: 94 | L40: 13 | M40: 60 | N40: 95
A41: 5 | B41: 20 | C41: 64 | D41: 16 | E41: 85 | F41: 39 | G41: 42 | H41: 15 | I41: 59 | J41: 55 | K41: 94 | L41: 12 | M41: 60 | N41: 96
A43: # of new machines
A44: Year | B44: A | C44: B | D44: C | E44: D | F44: E | G44: F | H44: G | I44: H | J44: I | K44: J | L44: K | M44: L | N44: M
A45: 2 | B45: 2 | C45: 6 | D45: 2 | E45: 11 | F45: 6 | G45: 5 | H45: 2 | I45: 6 | J45: 7 | K45: 12 | L45: 2 | M45: 7 | N45: 12
A46: 3 | B46: 1 | C46: 2 | D46: 0 | E46: 0 | F46: 0 | G46: 0 | H46: 0 | I46: 1 | J46: 0 | K46: 1 | L46: 0 | M46: 2 | N46: 2
A47: 4 | B47: 0 | C47: 2 | D47: 0 | E47: 1 | F47: 0 | G47: -1 | H47: 0 | I47: 2 | J47: 1 | K47: 1 | L47: 0 | M47: 1 | N47: 1
A48: 5 | B48: 0 | C48: 2 | D48: 0 | E48: 0 | F48: 0 | G48: -1 | H48: -1 | I48: 0 | J48: 1 | K48: 0 | L48: -1 | M48: 0 | N48: 1
